id,first_name,last_name,email,country,ip_address,card_number,card_type
1,Betty,Lawrence,blawrence0@domainmarket.com,China,87.243.59.158,4310090202912943,visa
2,Terry,Wright,twright1@stanford.edu,Indonesia,54.199.70.223,67633509460042116,maestro
3,Wayne,James,wjames2@people.com.cn,China,83.203.136.99,3576370904489080,jcb
4,Mary,Kennedy,mkennedy3@usa.gov,China,247.119.47.25,4026088926794196,visa-electron
5,Nicholas,Boyd,nboyd4@timesonline.co.uk,Thailand,164.136.133.37,67596213321902312,maestro
6,Ashley,Hamilton,ahamilton5@ebay.co.uk,China,175.102.115.53,5602225959119318,bankcard
7,Matthew,Morris,mmorris6@linkedin.com,Thailand,197.225.1.127,201543448474664,diners-club-enroute
8,Sean,Vasquez,svasquez7@theguardian.com,Greece,42.110.84.253,6706170654057095,laser
9,Doris,Wright,dwright8@blogs.com,China,216.39.106.83,348821435764964,americanexpress
10,Roy,Burns,rburns9@quantcast.com,Philippines,140.19.47.21,5610234820815816723,china-unionpay
11,Christopher,Hunt,chunta@phpbb.com,China,73.7.209.88,3531445128672218,jcb
12,Gloria,Grant,ggrantb@cocolog-nifty.com,Poland,154.198.228.114,3542009039804455,jcb
13,Sara,Harper,sharperc@addtoany.com,Brazil,149.5.245.32,5048370003234952,mastercard
14,Todd,Powell,tpowelld@ehow.com,China,239.224.221.96,201561741231235,diners-club-enroute
15,Jennifer,Harrison,jharrisone@4shared.com,Mongolia,66.19.163.146,4017952306512,visa
16,Brian,Bowman,bbowmanf@vinaora.com,France,61.182.185.47,3563713597593178,jcb
17,Johnny,Frazier,jfrazierg@auda.org.au,Ukraine,167.247.254.159,060484718277430209,maestro
18,Sharon,Weaver,sweaverh@macromedia.com,Tunisia,232.201.233.186,3579918655552113,jcb
19,Billy,Jenkins,bjenkinsi@sourceforge.net,Yemen,252.162.209.154,3569490621422351,jcb
20,Carlos,Mitchell,cmitchellj@prnewswire.com,Ireland,91.110.209.58,201838909339269,diners-club-enroute
21,Aaron,Martin,amartink@nationalgeographic.com,China,117.18.172.111,560224801271150405,china-unionpay
22,Kathleen,Perez,kperezl@yolasite.com,Japan,149.173.253.176,3562448188334069,jcb
23,Wayne,Hansen,whansenm@paypal.com,China,144.253.85.2,3536288111213987,jcb
24,Janet,Porter,jportern@huffingtonpost.com,Indonesia,145.7.226.188,3529662228745967,jcb
25,Diana,Alexander,dalexandero@aboutads.info,Chile,167.238.1.20,4041371727546,visa
26,Donna,Wells,dwellsp@newsvine.com,Mexico,12.12.28.137,3551192535704441,jcb
27,Melissa,Richardson,mrichardsonq@blogtalkradio.com,Sweden,209.61.239.136,6331102930543054,switch
28,Brandon,Willis,bwillisr@cnbc.com,Russia,76.64.158.140,5326396922241037,mastercard
29,Gregory,Rose,groses@latimes.com,Chad,247.129.23.175,56022269664438170,china-unionpay
30,Harold,Ryan,hryant@reddit.com,Argentina,82.255.229.3,630456733167781367,laser
31,Christopher,Garcia,cgarciau@si.edu,Poland,183.6.171.73,3581758946010737,jcb
32,Amanda,Reid,areidv@blogspot.com,Zimbabwe,121.94.224.235,676397339835647447,maestro
33,Nicholas,Sanders,nsandersw@fotki.com,Philippines,144.19.81.76,5048374448874893,mastercard
34,Teresa,Morrison,tmorrisonx@nationalgeographic.com,Ukraine,102.225.25.60,3529696253490602,jcb
35,Douglas,Kelley,dkelleyy@narod.ru,Nigeria,60.116.79.77,589374270282426823,maestro
36,Margaret,Watkins,mwatkinsz@businessinsider.com,Thailand,150.37.125.96,3539165926459749,jcb
37,Bruce,Williams,bwilliams10@senate.gov,Czech Republic,57.32.210.74,6333347787323724,switch
38,Heather,Schmidt,hschmidt11@pbs.org,Indonesia,14.52.220.242,3533814617131762,jcb
39,Emily,Olson,eolson12@shutterfly.com,China,147.163.233.133,3572294439032377,jcb
40,William,Jenkins,wjenkins13@homestead.com,Portugal,52.10.33.63,3537892123699742,jcb
41,Chris,Ford,cford14@com.com,United States,222.50.139.152,3583175176023850,jcb
42,Joan,Long,jlong15@prnewswire.com,China,23.2.61.28,6376018518745760,instapayment
43,Juan,Freeman,jfreeman16@twitter.com,Sweden,160.185.212.238,5048375135123973,mastercard
44,Philip,Gonzales,pgonzales17@shop-pro.jp,Thailand,19.185.109.30,3557485155366721,jcb
45,Raymond,Shaw,rshaw18@deliciousdays.com,Jordan,26.33.159.147,3553925484702660,jcb
46,John,Harvey,jharvey19@shop-pro.jp,Indonesia,252.205.113.28,201880868603616,diners-club-enroute
47,Jesse,Kelley,jkelley1a@omniture.com,Poland,1.0.73.87,3551000517254733,jcb
48,Martin,Cook,mcook1b@google.pl,Brazil,244.124.112.67,5048370636809642,mastercard
49,James,West,jwest1c@mapy.cz,France,68.176.46.196,4905898107695935308,switch
50,Joseph,Riley,jriley1d@imdb.com,Tunisia,245.77.92.147,6762250485575520597,maestro
51,Lawrence,George,lgeorge1e@example.com,Croatia,19.143.201.220,30104251060434,diners-club-carte-blanche
52,Marie,Meyer,mmeyer1f@about.com,Russia,227.147.138.148,4913703645171064,visa-electron
53,Amanda,Fox,afox1g@craigslist.org,China,178.78.171.118,3567865964009612,jcb
54,Jonathan,Spencer,jspencer1h@squarespace.com,Brazil,231.38.144.147,3559696163395415,jcb
55,Michelle,Matthews,mmatthews1i@addtoany.com,Philippines,118.140.121.227,36865792124921,diners-club-international
56,Alice,Hanson,ahanson1j@toplist.cz,Mexico,21.183.118.193,3546860505817009,jcb
57,Christine,Grant,cgrant1k@creativecommons.org,Kazakhstan,168.90.170.67,3580470038611031,jcb
58,Thomas,Murphy,tmurphy1l@livejournal.com,Japan,64.156.216.151,3575650861368406,jcb
59,Jose,West,jwest1m@amazon.com,Ukraine,130.175.219.74,3586884084501884,jcb
60,Harry,Shaw,hshaw1n@msu.edu,Russia,39.218.232.94,67623459486531118,maestro
61,Todd,Garcia,tgarcia1o@state.tx.us,Georgia,90.40.168.93,3561728465328566,jcb
62,Ruby,Allen,rallen1p@barnesandnoble.com,China,105.22.133.70,3566168031589000,jcb
63,Gregory,Fisher,gfisher1q@slashdot.org,Iran,243.128.142.102,3558647705510129,jcb
64,Louis,Gilbert,lgilbert1r@hao123.com,China,98.212.249.88,5010128089979328,mastercard
65,Arthur,Rogers,arogers1s@feedburner.com,Sweden,88.56.96.5,3572319172653301,jcb
66,Charles,Cooper,ccooper1t@nhs.uk,Saudi Arabia,225.88.34.53,3531008976241930,jcb
67,Eric,Adams,eadams1u@mapy.cz,Poland,61.86.197.49,6304255218066652249,maestro
68,Lori,Johnson,ljohnson1v@hugedomains.com,Russia,23.134.30.216,5602252532385471,bankcard
69,Matthew,Peterson,mpeterson1w@google.co.uk,China,29.50.207.147,5602246634878011,china-unionpay
70,Jeffrey,Sims,jsims1x@rakuten.co.jp,Indonesia,209.135.98.162,5020399333878003232,maestro
71,Douglas,Mills,dmills1y@ebay.co.uk,China,35.6.26.10,3562468447266605,jcb
72,Elizabeth,Day,eday1z@topsy.com,Sweden,129.128.60.255,3546312900968730,jcb
73,Jean,George,jgeorge20@taobao.com,Hungary,242.251.235.197,3551804766010468,jcb
74,Jennifer,Andrews,jandrews21@hao123.com,Estonia,91.220.115.230,5602219142013231,bankcard
75,Shirley,Kim,skim22@nifty.com,Poland,77.135.91.199,6334314984909874722,solo
76,Keith,Johnston,kjohnston23@princeton.edu,China,44.166.36.165,3558311620144114,jcb
77,Clarence,Ray,cray24@people.com.cn,China,206.215.223.7,30350324568693,diners-club-carte-blanche
78,Charles,Brooks,cbrooks25@posterous.com,Russia,215.198.175.83,3534037343005808,jcb
79,Sandra,Ramirez,sramirez26@miitbeian.gov.cn,France,223.110.150.150,4903305639387920,switch
80,Betty,Perkins,bperkins27@arizona.edu,Indonesia,197.37.170.7,4903019573275300776,switch
81,Annie,Scott,ascott28@un.org,Honduras,2.44.18.55,3543547181440494,jcb
82,Carlos,Welch,cwelch29@skype.com,China,124.111.62.188,493697776189047970,switch
83,Jean,Jackson,jjackson2a@walmart.com,Indonesia,194.40.82.107,3565272522088836,jcb
84,Jessica,Mason,jmason2b@wufoo.com,China,113.102.65.243,5048379980403571,mastercard
85,Jacqueline,Gibson,jgibson2c@spiegel.de,Brunei,96.184.37.160,4911328674109564196,switch
86,Michael,Peterson,mpeterson2d@seattletimes.com,Brazil,161.77.178.60,5425364604392288,mastercard
87,Irene,Gonzales,igonzales2e@tinyurl.com,China,228.148.37.213,3571893531944636,jcb
88,James,Reynolds,jreynolds2f@dyndns.org,Sweden,164.61.232.76,3554342354426454,jcb
89,Wanda,Myers,wmyers2g@whitehouse.gov,Thailand,101.47.242.71,5150730715952189,mastercard
90,Donna,Ford,dford2h@dot.gov,Portugal,187.55.191.153,6371356687677413,instapayment
91,Jeffrey,Myers,jmyers2i@cdc.gov,United States,95.74.85.225,3575359271170317,jcb
92,Angela,Perkins,aperkins2j@tuttocitta.it,Japan,106.173.95.245,3531262347334458,jcb
93,Jonathan,Butler,jbutler2k@dmoz.org,Indonesia,94.55.41.0,4062946680067239,visa
94,Tammy,Brooks,tbrooks2l@whitehouse.gov,Russia,96.32.108.35,50181067757338988,maestro
95,Ralph,Garrett,rgarrett2m@si.edu,Vietnam,15.10.163.96,3564503625845065,jcb
96,Susan,George,sgeorge2n@istockphoto.com,Jamaica,207.111.99.71,3586730243233549,jcb
97,Debra,Wallace,dwallace2o@reuters.com,Democratic Republic of the Congo,113.135.185.195,5290298569608514,mastercard
98,Alice,Murphy,amurphy2p@wix.com,China,166.62.156.147,50388288732585623,maestro
99,Maria,Schmidt,mschmidt2q@mit.edu,Indonesia,147.124.152.202,3584836281209705,jcb
100,Catherine,Scott,cscott2r@usa.gov,Macedonia,7.179.16.69,30503400966815,diners-club-carte-blanche
101,Jose,Porter,jporter2s@shinystat.com,China,200.229.232.30,4905930446168706,switch
102,Aaron,Lawson,alawson2t@economist.com,Argentina,183.124.60.163,3562364800222097,jcb
103,Linda,Day,lday2u@nih.gov,Malaysia,27.62.114.88,5602245061214294,china-unionpay
104,Carl,Stewart,cstewart2v@gizmodo.com,Cape Verde,77.113.145.199,4405141685902822,visa-electron
105,Katherine,Mason,kmason2w@abc.net.au,Thailand,65.28.153.26,3543870183647423,jcb
106,Carolyn,Lane,clane2x@woothemes.com,China,10.25.245.153,374283393326350,americanexpress
107,Kathryn,Oliver,koliver2y@senate.gov,Afghanistan,64.82.179.169,3542493258614011,jcb
108,Beverly,Adams,badams2z@naver.com,Portugal,177.33.169.160,3556123620097834,jcb
109,Antonio,Day,aday30@boston.com,Poland,91.116.134.96,3539671563410002,jcb
110,Lori,Cunningham,lcunningham31@nymag.com,Russia,148.44.70.125,5602246587815165756,china-unionpay
111,Kelly,Adams,kadams32@census.gov,Portugal,229.225.217.110,3536978507693301,jcb
112,Carol,Boyd,cboyd33@bbb.org,Ethiopia,100.235.162.236,63040822217319604,laser
113,Cheryl,Hansen,chansen34@last.fm,Indonesia,95.214.182.240,670988631446856336,laser
114,Dorothy,Wheeler,dwheeler35@mashable.com,Vietnam,41.157.37.87,4903779608545330797,switch
115,Alan,Collins,acollins36@mozilla.org,Peru,188.245.21.211,3581208932251135,jcb
116,Marilyn,Burton,mburton37@issuu.com,Iran,241.214.248.77,201981096064504,diners-club-enroute
117,Nancy,Spencer,nspencer38@youku.com,Indonesia,200.88.73.72,201508205646762,diners-club-enroute
118,Evelyn,Morales,emorales39@hibu.com,Portugal,19.228.169.71,6304013296401329,maestro
119,Diane,Nelson,dnelson3a@nymag.com,France,0.155.2.183,30251905987023,diners-club-carte-blanche
120,Sarah,Torres,storres3b@symantec.com,Palestinian Territory,109.162.35.55,3556428161726422,jcb
121,Russell,Ramirez,rramirez3c@disqus.com,China,101.150.66.58,3529893822506311,jcb
122,Douglas,Kelly,dkelly3d@goo.gl,France,52.218.184.31,560224586355902009,china-unionpay
123,Henry,Day,hday3e@usgs.gov,Albania,53.122.35.236,36162091330346,diners-club-international
124,Gloria,Scott,gscott3f@ebay.co.uk,Sweden,234.215.116.144,3581248772526840,jcb
125,Louis,Marshall,lmarshall3g@whitehouse.gov,China,227.240.208.62,30142654285976,diners-club-carte-blanche
126,Shawn,Howard,showard3h@privacy.gov.au,Kenya,122.218.149.183,676310433065116720,maestro
127,Jimmy,Weaver,jweaver3i@google.com,United States,98.96.176.91,5100136671934545,mastercard
128,Bruce,Armstrong,barmstrong3j@cnn.com,Canada,132.92.25.46,5281043529017294,mastercard
129,Phyllis,Ortiz,portiz3k@noaa.gov,Malaysia,96.77.31.98,4913260318215793,visa-electron
130,Kathleen,Porter,kporter3l@godaddy.com,China,143.34.147.55,6378027920411919,instapayment
131,Alice,Boyd,aboyd3m@pinterest.com,China,82.126.251.232,3556708395616907,jcb
132,Mildred,Carr,mcarr3n@chron.com,Indonesia,215.156.54.94,3536442034421520,jcb
133,Jeffrey,Mills,jmills3o@jigsy.com,Brazil,207.164.25.210,6399865679610305,instapayment
134,Sarah,Lynch,slynch3p@list-manage.com,China,128.198.47.206,3552765675315497,jcb
135,Eric,Wilson,ewilson3q@mtv.com,Vietnam,12.157.108.159,67591200959826033,maestro
136,Laura,Bennett,lbennett3r@mozilla.org,China,238.191.223.122,3557201793914867,jcb
137,Andrew,Mason,amason3s@mac.com,Greece,181.214.205.58,5007663880855140,mastercard
138,Julie,Howard,jhoward3t@youtube.com,Brazil,68.242.119.146,201927763043131,diners-club-enroute
139,Jessica,Morris,jmorris3u@abc.net.au,Russia,171.71.10.57,3532247767502824,jcb
140,Jonathan,Jones,jjones3v@tumblr.com,Brazil,191.178.217.131,3589138884574360,jcb
141,Maria,Bowman,mbowman3w@cdbaby.com,East Timor,138.83.156.129,36843467786936,diners-club-international
142,Judy,Cunningham,jcunningham3x@amazon.co.jp,Saint Lucia,52.125.71.197,3548398834164965,jcb
143,Keith,Meyer,kmeyer3y@mapquest.com,Nigeria,39.179.149.80,372301703701906,americanexpress
144,Ernest,Nichols,enichols3z@dell.com,Poland,185.252.22.172,6392071231508668,instapayment
145,Judy,Hernandez,jhernandez40@51.la,Colombia,60.124.144.128,56022362092964352,china-unionpay
146,Shawn,Perez,sperez41@chron.com,China,117.178.186.51,5100145321913064,mastercard
147,Steven,Richardson,srichardson42@istockphoto.com,Finland,183.235.154.242,3568564990424718,jcb
148,Peter,White,pwhite43@ebay.com,Greece,129.189.81.189,3540148527100778,jcb
149,Brenda,Mendoza,bmendoza44@upenn.edu,Portugal,7.197.183.157,3539866498589348,jcb
150,Carol,Burton,cburton45@noaa.gov,China,93.76.184.116,3588311649632481,jcb
151,Jane,Matthews,jmatthews46@rambler.ru,Azerbaijan,18.222.177.43,3573633734788077,jcb
152,Joshua,Bailey,jbailey47@smugmug.com,Sweden,210.232.202.221,4936678098125069,switch
153,Sarah,Foster,sfoster48@tuttocitta.it,Colombia,64.73.215.122,5602227245729579,bankcard
154,Patricia,Ray,pray49@pinterest.com,Philippines,214.11.74.192,0604741998713753,maestro
155,Judith,Freeman,jfreeman4a@tumblr.com,Malaysia,54.150.150.132,670655894003129255,laser
156,Gerald,Ryan,gryan4b@washington.edu,Philippines,221.89.44.214,3557196686363513,jcb
157,Karen,Moreno,kmoreno4c@networkadvertising.org,Russia,186.152.244.10,3529517625012348,jcb
158,George,Kennedy,gkennedy4d@cam.ac.uk,Finland,80.41.139.17,3544914781778880,jcb
159,Willie,White,wwhite4e@bbb.org,Portugal,63.80.75.183,3539752117620195,jcb
160,Andrea,Rice,arice4f@theguardian.com,Vietnam,94.220.237.9,3546548122949319,jcb
161,Timothy,Montgomery,tmontgomery4g@spiegel.de,Bulgaria,198.75.4.214,201531762870690,diners-club-enroute
162,Nicholas,Hawkins,nhawkins4h@auda.org.au,Sweden,130.209.99.109,3531000342370659,jcb
163,Juan,Riley,jriley4i@squidoo.com,Argentina,152.194.64.180,5247977411884381,mastercard
164,Marilyn,Barnes,mbarnes4j@smugmug.com,Argentina,221.167.241.97,4026435327968723,visa-electron
165,Helen,Rogers,hrogers4k@fema.gov,United States,210.83.242.136,3587716599119787,jcb
166,Henry,Gomez,hgomez4l@cdc.gov,South Korea,65.103.23.227,3535961441819613,jcb
167,Earl,Jones,ejones4m@comcast.net,Indonesia,235.228.25.95,5602211012904599,bankcard
168,Kelly,Ortiz,kortiz4n@wikia.com,China,112.125.87.130,5641826597925470,switch
169,Sara,Burns,sburns4o@yellowpages.com,Sweden,78.240.27.72,3530227146254778,jcb
170,Andrea,Hernandez,ahernandez4p@networkadvertising.org,Indonesia,96.179.155.189,6304188107289533,maestro
171,Jane,Ward,jward4q@list-manage.com,Japan,175.40.169.107,560221142488021698,china-unionpay
172,Eric,Ferguson,eferguson4r@geocities.jp,Sweden,50.97.137.50,3538652636165956,jcb
173,Brenda,Ramos,bramos4s@answers.com,China,231.80.87.185,3540194559358629,jcb
174,Randy,Bishop,rbishop4t@ed.gov,Uzbekistan,156.71.88.24,4913974093691180,visa-electron
175,Charles,Gutierrez,cgutierrez4u@nsw.gov.au,Brazil,78.54.193.57,3542911180373315,jcb
176,Jonathan,Cunningham,jcunningham4v@bravesites.com,Ukraine,226.168.190.222,3555110121138283,jcb
177,Betty,Snyder,bsnyder4w@dot.gov,Japan,200.40.220.228,6334494391775509501,solo
178,Raymond,Gomez,rgomez4x@tripadvisor.com,Philippines,238.206.243.194,501833753384736611,maestro
179,Ernest,Parker,eparker4y@state.tx.us,Indonesia,123.204.202.39,6331104654250379,switch
180,Ernest,Campbell,ecampbell4z@usa.gov,Indonesia,144.235.182.7,3532708249456038,jcb
181,Robert,Andrews,randrews50@artisteer.com,China,28.87.176.78,5048378556415076,mastercard
182,John,Grant,jgrant51@google.ca,China,83.25.135.220,3535809286011459,jcb
183,Walter,Morgan,wmorgan52@japanpost.jp,Indonesia,124.14.74.142,5602216378227998,bankcard
184,Jesse,Kim,jkim53@macromedia.com,Indonesia,75.30.183.242,3531733821467220,jcb
185,Shawn,Hill,shill54@moonfruit.com,China,73.82.164.49,374622299269117,americanexpress
186,Charles,Moreno,cmoreno55@google.pl,Philippines,27.157.80.134,3538571008676335,jcb
187,Kenneth,Gibson,kgibson56@state.gov,Russia,78.18.75.181,349998387051951,americanexpress
188,Phillip,Montgomery,pmontgomery57@csmonitor.com,Albania,133.140.238.244,3560694345223149,jcb
189,Bonnie,Smith,bsmith58@vk.com,China,137.18.236.95,4892211456724,visa
190,Carol,Parker,cparker59@thetimes.co.uk,United States,169.81.5.45,374283304603905,americanexpress
191,Andrea,Frazier,afrazier5a@ibm.com,China,94.201.167.50,3577827379851747,jcb
192,Edward,Barnes,ebarnes5b@over-blog.com,China,178.111.69.0,676198653736266367,maestro
193,Ann,Morales,amorales5c@ycombinator.com,China,179.28.179.34,337941559650436,americanexpress
194,Diana,Alexander,dalexander5d@ezinearticles.com,United States,58.162.198.144,4508632839145447,visa-electron
195,Lawrence,Scott,lscott5e@friendfeed.com,Indonesia,51.29.71.209,3587645151257604,jcb
196,Daniel,Hart,dhart5f@google.es,Angola,70.155.195.202,3570033538340477,jcb
197,Russell,Meyer,rmeyer5g@marketwatch.com,Poland,175.37.22.214,3577560472190313,jcb
198,Andrea,Foster,afoster5h@bing.com,France,49.104.95.194,3578337895141325,jcb
199,Gerald,White,gwhite5i@nba.com,Indonesia,175.124.78.124,6396921203207341,instapayment
200,Doris,Murphy,dmurphy5j@comcast.net,Canada,235.58.130.190,56022256567132380,china-unionpay
201,Ernest,Campbell,ecampbell5k@usgs.gov,Philippines,16.72.222.9,3563794170111596,jcb
202,Ronald,Sanchez,rsanchez5l@jiathis.com,Mozambique,141.46.56.106,372301036844951,americanexpress
203,Judy,Perez,jperez5m@cargocollective.com,Colombia,28.12.157.3,3556677891635739,jcb
204,Juan,Hamilton,jhamilton5n@behance.net,Reunion,123.26.60.112,3532479405057826,jcb
205,Chris,Palmer,cpalmer5o@phpbb.com,Peru,168.29.89.252,30170416293673,diners-club-carte-blanche
206,Irene,Olson,iolson5p@census.gov,Sweden,100.133.188.240,3531059448532844,jcb
207,Gary,Dunn,gdunn5q@wsj.com,Bangladesh,220.90.9.248,3543917770566613,jcb
208,Scott,Cox,scox5r@uol.com.br,Russia,186.7.189.184,3571760111200467,jcb
209,Joe,Webb,jwebb5s@spiegel.de,Brazil,88.178.180.0,30036143142006,diners-club-carte-blanche
210,Todd,Kennedy,tkennedy5t@diigo.com,Brazil,108.211.104.194,3541763028993197,jcb
211,Kenneth,Bell,kbell5u@biblegateway.com,Japan,16.136.150.237,4026324999455328,visa-electron
212,Judy,Simpson,jsimpson5v@liveinternet.ru,New Zealand,115.38.0.20,5007662552501461,mastercard
213,Evelyn,Crawford,ecrawford5w@e-recht24.de,Mexico,166.94.58.64,67639754643420086,maestro
214,Julia,Martinez,jmartinez5x@loc.gov,France,53.193.202.99,5007669368117218,mastercard
215,Billy,Sims,bsims5y@sciencedaily.com,China,245.185.235.79,372301738269192,americanexpress
216,Justin,Woods,jwoods5z@themeforest.net,Thailand,213.218.67.108,3587565162526542,jcb
217,Sean,Thomas,sthomas60@ocn.ne.jp,China,55.240.42.242,30544853615913,diners-club-carte-blanche
218,Eric,Fields,efields61@slashdot.org,China,247.3.31.39,3551865838253725,jcb
219,Emily,King,eking62@ftc.gov,Turkmenistan,195.41.236.2,4913076562537835,visa-electron
220,Thomas,Snyder,tsnyder63@mac.com,Colombia,176.46.77.187,3542919213139108,jcb
221,Jose,Perez,jperez64@hatena.ne.jp,Thailand,191.39.56.202,63044503931653165,maestro
222,Christopher,Jacobs,cjacobs65@cam.ac.uk,Serbia,129.9.224.36,5010125875811251,mastercard
223,Margaret,Smith,msmith66@ezinearticles.com,Indonesia,111.212.99.196,4844621774427459,visa-electron
224,Heather,Burton,hburton67@state.tx.us,Philippines,134.107.204.206,3539650208507182,jcb
225,Wanda,Gonzalez,wgonzalez68@skyrock.com,Senegal,191.5.0.103,378886760683686,americanexpress
226,Terry,Harper,tharper69@nsw.gov.au,Indonesia,101.51.232.236,3561953033575783,jcb
227,Frances,Harrison,fharrison6a@blogger.com,Afghanistan,228.172.202.135,4175001410981913,visa-electron
228,Mary,Lewis,mlewis6b@cloudflare.com,Canada,252.53.144.187,3549635924822302,jcb
229,Joseph,Foster,jfoster6c@exblog.jp,Indonesia,171.194.9.183,561039252816209574,china-unionpay
230,Dennis,Wheeler,dwheeler6d@ask.com,Aland Islands,139.188.162.151,564182878447295266,switch
231,Jimmy,Cooper,jcooper6e@homestead.com,Russia,157.214.40.124,5007660992366131,mastercard
232,Deborah,King,dking6f@webmd.com,Ecuador,162.232.206.76,5602245167504416,china-unionpay
233,Matthew,Howell,mhowell6g@themeforest.net,Philippines,58.209.219.4,3532916654886157,jcb
234,Aaron,Barnes,abarnes6h@freewebs.com,France,116.110.235.170,3551815641056831,jcb
235,Kathy,Rice,krice6i@blinklist.com,China,185.151.121.6,3545371711402249,jcb
236,Margaret,Fields,mfields6j@sbwire.com,Cambodia,55.21.226.144,3536204843982930,jcb
237,Anne,Alvarez,aalvarez6k@yellowbook.com,Indonesia,65.124.238.181,3550203198054320,jcb
238,Randy,Dean,rdean6l@slideshare.net,South Africa,34.168.125.136,3566599233159954,jcb
239,Katherine,Morrison,kmorrison6m@sun.com,Lithuania,13.172.194.117,56022369332896278,china-unionpay
240,Andrew,Lawson,alawson6n@ucsd.edu,China,24.252.64.70,3560416813068172,jcb
241,Roy,Riley,rriley6o@nature.com,Ukraine,196.95.11.119,6767879154960962877,solo
242,Ann,Wheeler,awheeler6p@pen.io,Hungary,126.37.69.154,4041372988140022,visa
243,Juan,Sanders,jsanders6q@vk.com,China,199.85.246.24,6333697863453237,switch
244,Eugene,Hunter,ehunter6r@phoca.cz,France,116.193.13.233,3558887808157044,jcb
245,Jessica,Fox,jfox6s@google.com.hk,Peru,6.112.5.82,3566642913313861,jcb
246,Karen,Nguyen,knguyen6t@geocities.jp,China,68.102.255.3,3579939514987787,jcb
247,Gregory,Hunter,ghunter6u@flavors.me,Portugal,220.88.6.55,670658107024412973,laser
248,Jane,Mcdonald,jmcdonald6v@soup.io,China,137.59.195.29,3568578271830690,jcb
249,Juan,Turner,jturner6w@123-reg.co.uk,Portugal,151.171.151.36,5100175085956686,mastercard
250,Diana,Greene,dgreene6x@ameblo.jp,Czech Republic,34.14.32.212,6391901990976154,instapayment
251,Jeffrey,Medina,jmedina6y@barnesandnoble.com,France,252.161.176.1,4405220954391535,visa-electron
252,Betty,Hernandez,bhernandez6z@ning.com,Indonesia,36.147.48.10,201407281394563,diners-club-enroute
253,Norma,Frazier,nfrazier70@51.la,Portugal,231.146.247.214,6395517448667066,instapayment
254,Jeffrey,Simpson,jsimpson71@senate.gov,Poland,59.50.98.179,5602245854431719379,china-unionpay
255,Gary,Lee,glee72@illinois.edu,Sweden,198.63.17.145,3550086917904739,jcb
256,Carol,Martinez,cmartinez73@nature.com,Kosovo,213.182.81.219,30324482447016,diners-club-carte-blanche
257,Marilyn,Martin,mmartin74@adobe.com,Poland,87.194.134.233,56022516954554235,china-unionpay
258,Virginia,Alexander,valexander75@about.com,Poland,67.4.30.211,3565959272120856,jcb
259,Gary,Fuller,gfuller76@ftc.gov,Russia,37.224.40.94,675952925022393123,switch
260,Rose,Montgomery,rmontgomery77@geocities.com,Venezuela,182.214.46.107,3575687766033883,jcb
261,Ralph,Lopez,rlopez78@upenn.edu,Yemen,21.80.157.123,0604405903674043,maestro
262,Jack,Nelson,jnelson79@huffingtonpost.com,Indonesia,174.26.221.210,50181837255816093,maestro
263,Kimberly,Martinez,kmartinez7a@ezinearticles.com,Belarus,67.208.108.37,3589522471729133,jcb
264,Christine,Fernandez,cfernandez7b@netvibes.com,China,104.247.70.94,3577725273077056,jcb
265,William,Gray,wgray7c@prlog.org,Pakistan,10.7.240.130,3547355352254280,jcb
266,Mark,Peters,mpeters7d@ed.gov,Tanzania,193.90.26.229,5007661822944204,mastercard
267,Johnny,Ellis,jellis7e@zdnet.com,Tajikistan,64.228.51.132,4017953562775315,visa
268,Robin,Carpenter,rcarpenter7f@mozilla.com,Portugal,215.71.163.10,3546544574543262,jcb
269,Ronald,Reid,rreid7g@alibaba.com,Nigeria,19.164.135.217,4903827704815907,switch
270,Julie,Anderson,janderson7h@weather.com,China,2.94.186.237,5513708724719445,diners-club-us-ca
271,Sarah,Perkins,sperkins7i@phoca.cz,Portugal,250.193.51.109,3580238817545716,jcb
272,Willie,Frazier,wfrazier7j@dion.ne.jp,Paraguay,101.75.217.33,5602250921441004,bankcard
273,Roger,James,rjames7k@ftc.gov,Indonesia,215.91.47.227,337941437496374,americanexpress
274,Kenneth,Lynch,klynch7l@baidu.com,Micronesia,178.206.49.163,56022174005996052,china-unionpay
275,Heather,Wright,hwright7m@acquirethisname.com,Bulgaria,105.92.21.36,3588779439616213,jcb
276,Jessica,Wagner,jwagner7n@themeforest.net,Niger,2.77.120.60,5038537030034967,maestro
277,Jesse,Long,jlong7o@cnet.com,Mexico,239.74.231.18,5007665809537246,mastercard
278,Christina,Wells,cwells7p@umich.edu,Myanmar,246.248.44.222,4905897769762177,switch
279,Bobby,Wells,bwells7q@go.com,Indonesia,4.234.204.242,30356059815654,diners-club-carte-blanche
280,Stephanie,Little,slittle7r@creativecommons.org,Bolivia,111.161.108.54,5100144821297128,mastercard
281,Walter,Griffin,wgriffin7s@hud.gov,Sweden,208.136.158.74,5466752978217836,diners-club-us-ca
282,Christine,Thompson,cthompson7t@tumblr.com,Panama,90.228.28.73,4913462538733452,visa-electron
283,Harry,Romero,hromero7u@harvard.edu,France,6.225.242.219,3560631384057129,jcb
284,Heather,Flores,hflores7v@trellian.com,Poland,238.180.231.165,5602250059005563,bankcard
285,Diana,Andrews,dandrews7w@flickr.com,China,98.16.51.131,201792759552739,diners-club-enroute
286,Carol,Green,cgreen7x@amazon.de,China,26.199.119.227,30202170124321,diners-club-carte-blanche
287,Jason,Ramos,jramos7y@networksolutions.com,Poland,212.124.184.231,3576212300990719,jcb
288,Judy,Woods,jwoods7z@sun.com,China,188.57.217.16,3570257909700320,jcb
289,Helen,Simmons,hsimmons80@cnn.com,China,197.236.53.36,341589428836324,americanexpress
290,Robert,Austin,raustin81@google.com.hk,Greece,216.255.76.49,5007662458515961,mastercard
291,Mildred,Franklin,mfranklin82@imgur.com,Indonesia,185.44.222.69,3576448161262182,jcb
292,Joseph,Cunningham,jcunningham83@stanford.edu,Vietnam,24.221.103.2,6709535579740909,laser
293,Larry,Williamson,lwilliamson84@sphinn.com,Philippines,239.184.248.203,201745236640717,diners-club-enroute
294,Walter,Robertson,wrobertson85@csmonitor.com,Tajikistan,69.69.10.232,374698616388566,americanexpress
295,Ralph,Ramirez,rramirez86@nytimes.com,Kyrgyzstan,166.23.171.137,56022371648520964,china-unionpay
296,Chris,Bishop,cbishop87@gizmodo.com,Syria,40.61.74.160,201845243465486,diners-club-enroute
297,Kimberly,Parker,kparker88@webnode.com,Vietnam,3.126.217.20,5532825662772942,diners-club-us-ca
298,Roy,Sims,rsims89@nature.com,Russia,33.220.248.159,5602215987036733,china-unionpay
299,Antonio,Roberts,aroberts8a@disqus.com,Belarus,99.237.110.221,3543825485476152,jcb
300,Joshua,Ortiz,jortiz8b@theguardian.com,Indonesia,109.180.3.6,6771987553975575387,laser
301,Margaret,Walker,mwalker8c@google.pl,Bosnia and Herzegovina,159.2.61.181,6331108347566450820,switch
302,Jean,Oliver,joliver8d@google.com,Syria,93.184.108.30,5108759480882308,mastercard
303,Linda,Robinson,lrobinson8e@github.io,Portugal,14.185.42.253,3578577309514845,jcb
304,Mary,Bowman,mbowman8f@va.gov,Japan,159.186.40.89,5528528526546181,diners-club-us-ca
305,Billy,Kelly,bkelly8g@stumbleupon.com,China,74.54.115.235,3575647058752483,jcb
306,George,Chavez,gchavez8h@weibo.com,Russia,107.27.15.225,5602243170802794,bankcard
307,Daniel,Scott,dscott8i@cocolog-nifty.com,China,92.190.242.82,3560886040880823,jcb
308,Timothy,Richardson,trichardson8j@php.net,Nigeria,104.12.82.134,5100145236023884,mastercard
309,Annie,Hudson,ahudson8k@ustream.tv,China,190.249.179.116,676151459428073383,maestro
310,Thomas,Little,tlittle8l@psu.edu,Czech Republic,156.65.168.175,30492125004740,diners-club-carte-blanche
311,Evelyn,Bowman,ebowman8m@discuz.net,China,245.205.40.47,4041595262817,visa
312,Mary,Knight,mknight8n@arizona.edu,Brazil,204.86.175.124,633307044364411963,switch
313,Lillian,Simpson,lsimpson8o@homestead.com,Uganda,189.78.214.157,56102257447052023,china-unionpay
314,Catherine,Griffin,cgriffin8p@umn.edu,Indonesia,161.241.98.91,30585600520484,diners-club-carte-blanche
315,Joseph,Spencer,jspencer8q@youtube.com,Japan,209.161.122.103,201420930510356,diners-club-enroute
316,Paul,Henderson,phenderson8r@sina.com.cn,Greece,61.252.85.133,6706442154712705,laser
317,Shawn,Bennett,sbennett8s@ucoz.com,Indonesia,166.103.153.96,3539962335197393,jcb
318,Russell,Gilbert,rgilbert8t@techcrunch.com,Sweden,105.240.131.81,3558571051528438,jcb
319,Debra,Gilbert,dgilbert8u@mozilla.com,France,90.41.255.207,3588241190686117,jcb
320,Ronald,Lynch,rlynch8v@slashdot.org,United States,123.24.147.77,6380753457495746,instapayment
321,Heather,Gray,hgray8w@edublogs.org,Bulgaria,250.183.204.247,3584581425857247,jcb
322,Kathleen,Freeman,kfreeman8x@home.pl,Greece,224.201.191.191,676144025842426869,maestro
323,Billy,Jordan,bjordan8y@sitemeter.com,Canada,207.222.249.166,5100131976502600,mastercard
324,Eric,Moreno,emoreno8z@gravatar.com,China,180.40.138.56,3545160841623307,jcb
325,Ashley,Gonzales,agonzales90@youku.com,Indonesia,172.53.251.45,30552419892769,diners-club-carte-blanche
326,Shirley,Weaver,sweaver91@deviantart.com,Poland,163.4.102.171,3560772844441220,jcb
327,Pamela,Fowler,pfowler92@eepurl.com,Indonesia,225.160.54.32,3539229867926650,jcb
328,Frank,Martinez,fmartinez93@rediff.com,Brazil,3.93.110.211,4405814553550275,visa-electron
329,Gregory,Price,gprice94@fotki.com,Brazil,81.221.118.166,4041597073002428,visa
330,Carlos,Dixon,cdixon95@senate.gov,France,1.10.123.65,3582590294760343,jcb
331,Irene,Cole,icole96@elpais.com,Indonesia,48.248.45.177,4175003418147299,visa-electron
332,Thomas,Gutierrez,tgutierrez97@cnbc.com,Portugal,232.59.74.177,5392622026424313,mastercard
333,Philip,Foster,pfoster98@globo.com,Mauritius,98.51.11.211,201854647542080,diners-club-enroute
334,Katherine,Daniels,kdaniels99@usnews.com,China,253.53.237.43,3555411042830390,jcb
335,Raymond,Willis,rwillis9a@webmd.com,Suriname,123.188.98.166,3576744159954032,jcb
336,Kathleen,Wells,kwells9b@edublogs.org,Ukraine,76.190.194.9,3549436204842049,jcb
337,Eugene,Baker,ebaker9c@ocn.ne.jp,Philippines,185.186.241.90,633376338526616766,switch
338,Karen,Garza,kgarza9d@huffingtonpost.com,China,79.33.197.73,5344903688545853,mastercard
339,Denise,Campbell,dcampbell9e@parallels.com,Czech Republic,73.82.146.235,3588886289042661,jcb
340,Jesse,Butler,jbutler9f@loc.gov,Moldova,171.144.38.240,5100172109855705,mastercard
341,Angela,Taylor,ataylor9g@ebay.com,Japan,119.210.77.146,6393608864059367,instapayment
342,Heather,King,hking9h@photobucket.com,Ireland,169.227.213.30,3570873086393943,jcb
343,Donald,Robinson,drobinson9i@i2i.jp,Uzbekistan,157.90.202.162,36725651533259,diners-club-international
344,Norma,Fox,nfox9j@wix.com,Mexico,98.229.161.142,3588207525282286,jcb
345,Maria,Simmons,msimmons9k@blinklist.com,Belgium,195.79.78.252,3585017201686285,jcb
346,Brandon,Elliott,belliott9l@digg.com,France,227.242.133.64,3557160342426296,jcb
347,Charles,Roberts,croberts9m@mit.edu,Netherlands,124.140.237.1,3577959369322809,jcb
348,Jacqueline,Murphy,jmurphy9n@instagram.com,China,98.71.15.141,3549846803759107,jcb
349,Denise,Woods,dwoods9o@amazon.de,Philippines,38.55.29.120,201438519445174,diners-club-enroute
350,John,Richardson,jrichardson9p@ustream.tv,China,68.1.211.67,3584842594299128,jcb
351,Donna,Reed,dreed9q@patch.com,China,176.120.157.107,3586439858733427,jcb
352,Michael,Harvey,mharvey9r@abc.net.au,China,69.234.245.104,36321052159603,diners-club-international
353,Lillian,Oliver,loliver9s@is.gd,China,53.200.14.225,6371545532347046,instapayment
354,Nicholas,Hicks,nhicks9t@amazon.co.uk,Estonia,165.247.227.59,3573741882263437,jcb
355,Ruth,Hudson,rhudson9u@google.com.hk,Madagascar,30.18.216.46,6334467095690450641,solo
356,Craig,Hughes,chughes9v@gov.uk,Portugal,190.179.252.194,3557742760063741,jcb
357,Deborah,Romero,dromero9w@hatena.ne.jp,Russia,37.137.32.33,3587755692756988,jcb
358,Patricia,Garza,pgarza9x@infoseek.co.jp,France,70.85.232.88,67597754090316373,maestro
359,Jason,Kennedy,jkennedy9y@netvibes.com,Philippines,173.236.52.15,5602248258705819,bankcard
360,Patrick,Carpenter,pcarpenter9z@csmonitor.com,Indonesia,71.107.99.77,6331106205151790,switch
361,Chris,Henry,chenrya0@facebook.com,Colombia,204.26.41.115,3583268406406944,jcb
362,Juan,Price,jpricea1@pcworld.com,Poland,242.138.202.59,374622892506238,americanexpress
363,Eugene,Cunningham,ecunninghama2@mapy.cz,Chile,96.182.78.212,670928435846086939,laser
364,Matthew,Hudson,mhudsona3@cocolog-nifty.com,Yemen,159.114.42.210,30095291485088,diners-club-carte-blanche
365,Eric,Baker,ebakera4@last.fm,Indonesia,33.120.136.101,3559485518350329,jcb
366,Patricia,Johnston,pjohnstona5@google.de,Philippines,49.9.202.88,3541276539715157,jcb
367,Harold,Murray,hmurraya6@umn.edu,Poland,172.208.107.115,5602224166430758,bankcard
368,Michael,Bennett,mbennetta7@ebay.co.uk,China,130.120.150.153,36293164572926,diners-club-international
369,Nicholas,Jenkins,njenkinsa8@booking.com,American Samoa,215.9.96.204,6395609594662304,instapayment
370,Carol,Gardner,cgardnera9@craigslist.org,Colombia,148.95.19.9,201989775292213,diners-club-enroute
371,Rebecca,Stephens,rstephensaa@barnesandnoble.com,China,26.138.26.182,3588914498082383,jcb
372,Brian,Duncan,bduncanab@nyu.edu,Czech Republic,181.50.179.151,3560448841749051,jcb
373,Beverly,Burton,bburtonac@networkadvertising.org,Lithuania,216.2.217.73,4508325283014553,visa-electron
374,Irene,Henderson,ihendersonad@webnode.com,South Korea,66.113.74.222,4041370184491,visa
375,Joan,Washington,jwashingtonae@networksolutions.com,Indonesia,128.64.92.108,5100130250512046,mastercard
376,Gerald,Gordon,ggordonaf@free.fr,Tanzania,119.225.19.163,4017953496889737,visa
377,Kelly,Harris,kharrisag@slashdot.org,China,255.74.183.251,490503108866090265,switch
378,Anna,Perkins,aperkinsah@scribd.com,Tajikistan,103.149.182.244,5610558304609793,china-unionpay
379,Jean,Ferguson,jfergusonai@biglobe.ne.jp,Philippines,71.189.96.137,5002355202766312,mastercard
380,Teresa,Richardson,trichardsonaj@reddit.com,Russia,253.147.33.201,3563799289770158,jcb
381,Pamela,Rodriguez,prodriguezak@freewebs.com,Ethiopia,230.112.88.252,3549546281956395,jcb
382,Paul,Howard,phowardal@purevolume.com,Finland,0.16.219.44,5893625443782654,maestro
383,Katherine,Harrison,kharrisonam@hubpages.com,China,72.137.80.126,201755413348315,diners-club-enroute
384,Angela,Ray,arayan@storify.com,Poland,57.38.229.174,3528549349954712,jcb
385,Randy,Evans,revansao@washingtonpost.com,Brazil,103.106.49.158,374622982928425,americanexpress
386,Chris,Frazier,cfrazierap@usgs.gov,Indonesia,0.156.157.44,67631998260362281,maestro
387,Albert,Thomas,athomasaq@skype.com,Philippines,95.87.77.148,5562818663344210,diners-club-us-ca
388,Earl,Frazier,efrazierar@independent.co.uk,Philippines,255.161.128.70,3576321800372102,jcb
389,Annie,Nelson,anelsonas@go.com,Greece,7.69.243.113,3577648139050994,jcb
390,Catherine,Fisher,cfisherat@infoseek.co.jp,France,152.231.72.85,6771489698673890340,laser
391,Kelly,Freeman,kfreemanau@godaddy.com,Brazil,58.193.241.199,3529320976951234,jcb
392,Kenneth,Lee,kleeav@who.int,Finland,20.170.35.154,4917512981286402,visa-electron
393,Rachel,Sanchez,rsanchezaw@foxnews.com,Indonesia,240.105.74.175,3581333671811764,jcb
394,Michelle,Johnson,mjohnsonax@hexun.com,Nepal,208.95.50.206,5602256227492203,bankcard
395,Jessica,Burke,jburkeay@mozilla.com,Belarus,115.56.162.59,4017951034602,visa
396,Russell,Wood,rwoodaz@bbb.org,Vietnam,83.99.43.16,6371172120883090,instapayment
397,Martha,Griffin,mgriffinb0@cbsnews.com,Sweden,225.70.120.57,337941119156080,americanexpress
398,Marilyn,Richards,mrichardsb1@bravesites.com,China,84.245.33.155,4175003018546148,visa-electron
399,Dennis,Castillo,dcastillob2@cisco.com,Yemen,189.88.48.31,5602233662536699410,china-unionpay
400,Alice,Bradley,abradleyb3@webnode.com,Bahamas,231.50.105.176,3531387893271596,jcb
401,Billy,Gonzales,bgonzalesb4@xing.com,China,47.19.188.154,201432137068435,diners-club-enroute
402,Sharon,George,sgeorgeb5@usatoday.com,Philippines,229.133.120.136,4017957456809,visa
403,Ruby,Greene,rgreeneb6@washington.edu,Indonesia,91.21.115.127,36347785341275,diners-club-international
404,Heather,Burton,hburtonb7@ovh.net,Czech Republic,115.100.37.142,3572637073883143,jcb
405,Donna,Ryan,dryanb8@nasa.gov,Colombia,82.227.155.68,3549020742620107,jcb
406,Walter,Butler,wbutlerb9@msu.edu,Colombia,207.207.147.209,4041595245917911,visa
407,Gerald,Tucker,gtuckerba@microsoft.com,Uganda,56.237.7.24,5546817275569447,diners-club-us-ca
408,Nicole,Edwards,nedwardsbb@comsenz.com,Philippines,90.174.118.131,5010128249165941,mastercard
409,Todd,Mason,tmasonbc@nsw.gov.au,Malawi,160.23.76.188,3576468123394923,jcb
410,Thomas,Matthews,tmatthewsbd@youtube.com,Aland Islands,127.65.157.120,6763581357501280,maestro
411,Daniel,Martinez,dmartinezbe@spotify.com,Russia,86.132.162.132,3573727798233432,jcb
412,Gregory,Griffin,ggriffinbf@theatlantic.com,Sweden,92.114.219.253,30444927591937,diners-club-carte-blanche
413,Amy,Chapman,achapmanbg@elegantthemes.com,Finland,170.103.14.50,6767897889000904847,solo
414,Steven,Crawford,scrawfordbh@is.gd,Afghanistan,158.180.249.201,6759699736643759,switch
415,Bobby,Torres,btorresbi@digg.com,Canada,86.151.8.124,3583183624618560,jcb
416,Anne,Garrett,agarrettbj@globo.com,Kazakhstan,226.155.224.244,5602210146933326,bankcard
417,Clarence,Evans,cevansbk@github.io,China,210.112.1.124,633494946401072660,solo
418,Joan,Meyer,jmeyerbl@fotki.com,Indonesia,37.197.206.12,3584448603934083,jcb
419,Lillian,Rivera,lriverabm@csmonitor.com,China,102.173.245.145,560223017709340796,china-unionpay
420,Samuel,Lawson,slawsonbn@t-online.de,Poland,198.39.48.61,6334273192181078,solo
421,Brenda,Kelly,bkellybo@amazon.co.jp,Greece,158.238.167.179,3541675635148256,jcb
422,Donna,Martinez,dmartinezbp@unc.edu,Russia,121.168.10.247,675927409118794413,maestro
423,Mary,Jones,mjonesbq@istockphoto.com,Russia,206.60.182.208,4405173107661322,visa-electron
424,Paul,Rodriguez,prodriguezbr@springer.com,Russia,13.189.50.220,5602227302824586,bankcard
425,Jerry,Mcdonald,jmcdonaldbs@simplemachines.org,Syria,222.48.53.162,3543834818017287,jcb
426,Robin,Duncan,rduncanbt@php.net,China,241.222.210.241,3581549012588387,jcb
427,Rebecca,Hawkins,rhawkinsbu@businessweek.com,Portugal,24.147.213.69,5602228619262875934,china-unionpay
428,Benjamin,Burns,bburnsbv@gravatar.com,Thailand,165.168.138.55,3584367141719196,jcb
429,Richard,Hunt,rhuntbw@wikimedia.org,Dominican Republic,54.40.225.98,5100139775774205,mastercard
430,Ronald,Davis,rdavisbx@icio.us,Canada,104.209.199.0,4905780725035381353,switch
431,Albert,Burton,aburtonby@reference.com,Japan,186.133.191.135,4041376292603,visa
432,Heather,Freeman,hfreemanbz@marriott.com,Honduras,167.129.108.178,676749780864112586,solo
433,Cynthia,Castillo,ccastilloc0@unicef.org,Greece,214.170.131.123,5172064174449782,mastercard
434,Nancy,Bennett,nbennettc1@java.com,Brazil,43.212.18.98,30303676104229,diners-club-carte-blanche
435,Robin,Daniels,rdanielsc2@comcast.net,Chad,193.182.7.230,5641821880225522,switch
436,Maria,Burns,mburnsc3@cmu.edu,China,85.239.176.96,3560077230548749,jcb
437,Jacqueline,Ward,jwardc4@fastcompany.com,China,32.121.18.78,675941131220893253,switch
438,Ryan,Coleman,rcolemanc5@gizmodo.com,Philippines,48.150.15.24,5020761629406239507,maestro
439,Heather,Gordon,hgordonc6@amazon.com,China,57.148.242.159,560224009959597547,china-unionpay
440,Gary,Gonzalez,ggonzalezc7@example.com,China,131.204.205.60,3568293321271578,jcb
441,Shawn,Boyd,sboydc8@cdc.gov,Russia,27.7.37.111,201665519693789,diners-club-enroute
442,Kevin,Cook,kcookc9@goo.gl,China,182.219.183.91,374288907393630,americanexpress
443,Kenneth,Mitchell,kmitchellca@google.es,Cuba,72.220.4.6,5602251761909191,bankcard
444,Jacqueline,Morales,jmoralescb@nbcnews.com,Russia,83.29.136.225,3528929316612297,jcb
445,Jacqueline,Jacobs,jjacobscc@pcworld.com,Ukraine,180.86.24.247,201783329944613,diners-club-enroute
446,Robert,Peterson,rpetersoncd@ocn.ne.jp,China,142.253.120.80,30123440454019,diners-club-carte-blanche
447,Nicole,Jordan,njordance@bloglovin.com,Brazil,97.217.98.61,4903380433354590,switch
448,Lawrence,Hughes,lhughescf@wired.com,China,65.2.159.167,3557991605234740,jcb
449,James,Hamilton,jhamiltoncg@tuttocitta.it,China,71.238.103.227,4026612122215944,visa-electron
450,Kathryn,Carroll,kcarrollch@wikispaces.com,Iran,204.139.87.18,560223485867720648,china-unionpay
451,Amanda,Harvey,aharveyci@java.com,United States,178.211.96.16,3561297202381387,jcb
452,Philip,Cruz,pcruzcj@nifty.com,China,126.64.132.90,374142523818720,americanexpress
453,Sarah,Moore,smooreck@marketwatch.com,Indonesia,164.250.150.248,337941110986261,americanexpress
454,Cheryl,Woods,cwoodscl@geocities.com,Ireland,71.246.206.44,5466029936040430,mastercard
455,Ronald,Reynolds,rreynoldscm@sfgate.com,Sierra Leone,123.220.160.94,4508960752752075,visa-electron
456,Jeffrey,Watkins,jwatkinscn@cargocollective.com,Brazil,164.205.36.9,493643784443125744,switch
457,Lori,Harrison,lharrisonco@amazon.co.uk,Philippines,109.116.132.194,3560160196523284,jcb
458,Juan,Harvey,jharveycp@google.nl,Russia,34.168.111.43,3534230602745186,jcb
459,Stephen,Rogers,srogerscq@vkontakte.ru,Azerbaijan,115.112.166.168,5602218324550077,bankcard
460,Adam,Allen,aallencr@com.com,Russia,222.139.5.189,3575592595539557,jcb
461,Nancy,Sanchez,nsanchezcs@marriott.com,Morocco,68.66.172.215,3575894180402732,jcb
462,Carolyn,Graham,cgrahamct@phpbb.com,China,239.26.138.246,0604341804672281138,maestro
463,Carolyn,Daniels,cdanielscu@dmoz.org,Argentina,185.251.149.157,3572766358286209,jcb
464,Kathryn,Mcdonald,kmcdonaldcv@zdnet.com,China,120.19.79.160,3542818075828636,jcb
465,Jesse,King,jkingcw@scribd.com,Philippines,95.145.98.249,3548709964147887,jcb
466,Phyllis,Austin,paustincx@360.cn,China,156.240.172.170,5602238263996248,bankcard
467,Sarah,Palmer,spalmercy@diigo.com,Nigeria,229.188.134.45,3534876950939134,jcb
468,Ernest,Riley,erileycz@blogger.com,China,99.19.99.125,491119322666624967,switch
469,Jennifer,Howell,jhowelld0@cam.ac.uk,China,139.231.60.28,201603888421425,diners-club-enroute
470,Stephen,Richards,srichardsd1@discuz.net,Brazil,245.149.49.160,374283905595575,americanexpress
471,Albert,Kim,akimd2@wikia.com,China,163.142.16.44,5002355062549915,mastercard
472,Jeffrey,Clark,jclarkd3@unblog.fr,Indonesia,146.151.71.244,3551210493608329,jcb
473,Lori,Torres,ltorresd4@slideshare.net,Canada,61.25.183.188,50181428772551429,maestro
474,Henry,Sanders,hsandersd5@reddit.com,China,237.217.170.170,30455667079271,diners-club-carte-blanche
475,Lois,Nelson,lnelsond6@umich.edu,Hungary,119.44.242.98,3537905679675765,jcb
476,Lois,Scott,lscottd7@time.com,Peru,193.87.217.32,5641826323446601,switch
477,Anne,Mcdonald,amcdonaldd8@deliciousdays.com,Colombia,208.3.171.55,3548218073908981,jcb
478,Edward,Andrews,eandrewsd9@gnu.org,China,185.167.223.143,3569860619627403,jcb
479,Ryan,Adams,radamsda@drupal.org,Colombia,194.30.61.65,3588192789559738,jcb
480,Cheryl,Gray,cgraydb@sogou.com,Azerbaijan,143.162.119.25,6334671932866383044,solo
481,Kenneth,Carpenter,kcarpenterdc@usda.gov,China,97.174.53.189,3529724186393352,jcb
482,Virginia,Baker,vbakerdd@webeden.co.uk,Greece,8.91.59.73,378119466794247,americanexpress
483,Lori,Spencer,lspencerde@google.it,Colombia,30.99.141.198,201901712152475,diners-club-enroute
484,Andrea,West,awestdf@statcounter.com,Czech Republic,119.155.39.114,201498774792926,diners-club-enroute
485,Laura,Chapman,lchapmandg@ucsd.edu,Russia,66.225.147.24,3573421665300157,jcb
486,Jennifer,Thomas,jthomasdh@springer.com,Reunion,189.39.38.234,5468293288603892,mastercard
487,Adam,Brown,abrowndi@ebay.com,Morocco,53.227.228.244,30091886215279,diners-club-carte-blanche
488,Carlos,Ferguson,cfergusondj@unesco.org,China,241.118.241.43,4508610967918249,visa-electron
489,Betty,Carpenter,bcarpenterdk@loc.gov,Indonesia,246.192.218.192,5038661992083869,maestro
490,Jason,Ruiz,jruizdl@ox.ac.uk,Colombia,126.96.60.123,3558493176597471,jcb
491,Clarence,Cook,ccookdm@examiner.com,United States,241.81.195.179,3561998635948383,jcb
492,Brian,Russell,brusselldn@geocities.jp,Nigeria,66.214.12.22,3536973296202455,jcb
493,Joyce,Dunn,jdunndo@umich.edu,China,128.191.209.128,3540657864258304,jcb
494,Carlos,Meyer,cmeyerdp@example.com,Indonesia,62.249.239.92,3546043388889540,jcb
495,Fred,Simpson,fsimpsondq@oakley.com,Russia,195.145.220.192,6759112894975682,switch
496,Benjamin,Boyd,bboyddr@printfriendly.com,Bangladesh,171.79.131.36,6331105491349509446,switch
497,Jessica,Hamilton,jhamiltonds@nasa.gov,Kazakhstan,7.213.170.235,3535602231342784,jcb
498,Daniel,Thompson,dthompsondt@vimeo.com,Indonesia,34.166.139.58,3543269523956752,jcb
499,Denise,Crawford,dcrawforddu@samsung.com,Brazil,189.167.158.16,5048370445170392,mastercard
500,Rose,Mendoza,rmendozadv@fotki.com,Luxembourg,116.243.241.16,5893550478100629257,maestro
501,Adam,Smith,asmithdw@vinaora.com,Philippines,232.93.165.195,372301293338580,americanexpress
502,George,Brown,gbrowndx@pbs.org,China,222.156.97.108,5145169641591175,mastercard
503,Andrew,Wheeler,awheelerdy@noaa.gov,Argentina,125.241.233.220,5602238291646088,bankcard
504,Wayne,Gonzales,wgonzalesdz@issuu.com,France,57.252.220.117,36525922422112,diners-club-international
505,Justin,Tucker,jtuckere0@bloglovin.com,China,17.14.183.130,589357943613861386,maestro
506,Shirley,Walker,swalkere1@house.gov,Poland,85.68.174.140,201605513730864,diners-club-enroute
507,Harold,Murray,hmurraye2@businessinsider.com,Mexico,234.244.24.164,3584442466848613,jcb
508,Janice,Harper,jharpere3@go.com,Spain,9.103.109.224,3533479212668335,jcb
509,Joshua,Mendoza,jmendozae4@ucoz.com,Brazil,37.0.222.206,4936586445261059,switch
510,William,Butler,wbutlere5@youtu.be,China,146.219.115.1,3578498812596783,jcb
511,Laura,Gordon,lgordone6@ed.gov,Philippines,234.15.141.108,3534302310796866,jcb
512,Ashley,Mills,amillse7@bing.com,Croatia,159.227.254.126,3561533430264247,jcb
513,Andrew,Cook,acooke8@zdnet.com,China,248.162.130.106,3553312714182007,jcb
514,Sandra,Stevens,sstevense9@mediafire.com,China,5.207.219.210,5018585740126733147,maestro
515,Judy,Hansen,jhansenea@accuweather.com,Canada,128.107.79.195,6379187788136773,instapayment
516,Annie,Davis,adaviseb@ocn.ne.jp,Russia,146.2.121.131,3548872525304726,jcb
517,Helen,Flores,hfloresec@mac.com,Mongolia,139.60.210.57,5048379484425435,mastercard
518,Henry,Cruz,hcruzed@addtoany.com,Thailand,21.3.149.146,374283648153120,americanexpress
519,David,Rivera,driveraee@technorati.com,Afghanistan,218.56.148.83,30423702911841,diners-club-carte-blanche
520,Marilyn,Armstrong,marmstrongef@booking.com,China,76.169.236.178,564182698290768320,switch
521,Kathy,Baker,kbakereg@taobao.com,United States,143.174.151.74,5602259907236841,china-unionpay
522,Peter,Long,plongeh@simplemachines.org,Uzbekistan,215.102.55.83,3552279771068653,jcb
523,Lori,Gardner,lgardnerei@booking.com,Indonesia,79.114.73.148,676381251239361251,maestro
524,Tina,Stevens,tstevensej@moonfruit.com,China,111.92.220.115,30267928059459,diners-club-carte-blanche
525,Barbara,Kim,bkimek@360.cn,Ukraine,185.198.231.250,67628618022315071,maestro
526,Terry,Olson,tolsonel@oracle.com,Brazil,50.144.58.30,5018979023587029,maestro
527,Jose,Carr,jcarrem@jiathis.com,Serbia,202.105.252.118,30443579713427,diners-club-carte-blanche
528,Tina,Rodriguez,trodriguezen@topsy.com,Portugal,165.17.169.81,676239167396100213,maestro
529,Fred,Ford,ffordeo@twitpic.com,Pakistan,118.96.243.91,3529712261597070,jcb
530,Martin,Dean,mdeanep@umn.edu,United States,41.183.149.210,675907627580866450,maestro
531,Eric,Reid,ereideq@alibaba.com,Brazil,26.186.219.232,3562559356476548,jcb
532,Rose,Elliott,relliotter@dropbox.com,China,103.123.132.213,3568800340188508,jcb
533,Ruth,Hansen,rhansenes@live.com,Norway,213.254.18.37,5100130533894898,mastercard
534,Annie,Evans,aevanset@weibo.com,France,216.131.135.78,3544959900191069,jcb
535,Brandon,Ramirez,bramirezeu@linkedin.com,France,215.52.26.17,4175008282435191,visa-electron
536,Gloria,Moreno,gmorenoev@webmd.com,Palau,170.224.249.67,3576253323249089,jcb
537,Jesse,Hanson,jhansonew@live.com,Russia,125.203.236.128,3538851599098218,jcb
538,Roger,Walker,rwalkerex@posterous.com,Indonesia,191.190.145.9,5038898917669709,maestro
539,Irene,Carter,icarterey@blinklist.com,France,241.63.90.247,374283206357469,americanexpress
540,Donald,Bishop,dbishopez@walmart.com,Palestinian Territory,187.145.212.131,4936122490093153,switch
541,Jean,Martinez,jmartinezf0@ted.com,Brazil,80.117.171.212,4913155341889525,visa-electron
542,Lori,Montgomery,lmontgomeryf1@trellian.com,Canada,146.31.190.125,3575973964691312,jcb
543,Kelly,Berry,kberryf2@soup.io,Indonesia,155.110.98.75,3585420034080710,jcb
544,Shawn,Montgomery,smontgomeryf3@nhs.uk,Indonesia,125.4.98.64,3579349595735032,jcb
545,Ryan,Moore,rmooref4@blogger.com,Philippines,40.111.94.125,4175008233610207,visa-electron
546,Marilyn,Henry,mhenryf5@weather.com,Pakistan,151.59.9.245,50202332983033521,maestro
547,Bruce,Clark,bclarkf6@prweb.com,Japan,200.62.157.196,30240747779987,diners-club-carte-blanche
548,Jeremy,Bishop,jbishopf7@xing.com,China,113.135.167.165,3563179545961760,jcb
549,Beverly,Fields,bfieldsf8@rediff.com,China,168.15.115.89,3568641769422550,jcb
550,Robert,Rogers,rrogersf9@elegantthemes.com,Greece,211.149.165.99,3587262002057587,jcb
551,Jane,Simmons,jsimmonsfa@cpanel.net,Ivory Coast,208.202.195.120,3563407050526698,jcb
552,Margaret,Bishop,mbishopfb@mtv.com,Poland,221.35.154.127,3561896125876116,jcb
553,Jack,Ross,jrossfc@google.co.jp,Russia,154.103.202.185,560221766467183200,china-unionpay
554,Sandra,Howard,showardfd@vk.com,Russia,119.139.107.236,3528562064358050,jcb
555,Sandra,Riley,srileyfe@ucoz.ru,Kosovo,22.183.17.42,3549619975421552,jcb
556,Lori,Hernandez,lhernandezff@narod.ru,China,100.191.86.70,30225511275288,diners-club-carte-blanche
557,Randy,Murray,rmurrayfg@house.gov,Ukraine,76.26.237.103,060421389324628629,maestro
558,Bonnie,Porter,bporterfh@domainmarket.com,Russia,20.136.41.254,201837748872647,diners-club-enroute
559,Martin,Gonzalez,mgonzalezfi@storify.com,Russia,209.2.64.241,3583413436839702,jcb
560,Elizabeth,Spencer,espencerfj@pbs.org,Gambia,10.153.71.146,3548391321057917,jcb
561,Annie,Carter,acarterfk@rakuten.co.jp,Indonesia,111.72.224.102,30273982856350,diners-club-carte-blanche
562,Craig,Tucker,ctuckerfl@nsw.gov.au,Lithuania,185.248.206.215,3532217135209378,jcb
563,Roger,Harris,rharrisfm@paypal.com,Greece,184.29.215.77,3535241256520345,jcb
564,Lois,Watkins,lwatkinsfn@gizmodo.com,Pakistan,235.150.151.36,3548817983290255,jcb
565,Fred,Franklin,ffranklinfo@psu.edu,Peru,205.5.25.225,30147948931020,diners-club-carte-blanche
566,Diane,Hamilton,dhamiltonfp@mit.edu,Portugal,186.56.198.120,3558334290682809,jcb
567,Jacqueline,Brown,jbrownfq@buzzfeed.com,Portugal,35.196.15.103,5108751511106658,mastercard
568,Amanda,Tucker,atuckerfr@dot.gov,Sweden,121.169.210.41,3542179441050151,jcb
569,Carl,Payne,cpaynefs@dagondesign.com,Slovenia,91.52.230.4,4936562424327484,switch
570,Janet,Parker,jparkerft@weather.com,France,45.235.156.238,6767016714008428,solo
571,Frank,Price,fpricefu@buzzfeed.com,France,62.63.158.251,3541825375488681,jcb
572,Amy,Simpson,asimpsonfv@ocn.ne.jp,Peru,163.230.248.153,3566361105256768,jcb
573,Russell,Peters,rpetersfw@github.com,Iran,182.168.212.244,503893780507827459,maestro
574,Betty,Duncan,bduncanfx@springer.com,Indonesia,221.146.71.39,3552111794454364,jcb
575,Matthew,Williamson,mwilliamsonfy@unicef.org,Russia,245.236.203.51,50186650478260758,maestro
576,William,Coleman,wcolemanfz@yahoo.co.jp,Brazil,163.17.149.142,060483780827933216,maestro
577,Betty,Lane,blaneg0@tripod.com,Poland,77.133.234.197,337941895447828,americanexpress
578,Phyllis,Freeman,pfreemang1@washingtonpost.com,Canada,177.188.244.197,3583133837432846,jcb
579,Brandon,Nelson,bnelsong2@mapquest.com,Vietnam,105.93.42.249,30044744669344,diners-club-carte-blanche
580,Ronald,Nichols,rnicholsg3@ftc.gov,China,237.80.112.33,3544255897834088,jcb
581,Joan,Sanchez,jsanchezg4@nydailynews.com,Thailand,250.152.87.109,3564995559307981,jcb
582,Martin,Vasquez,mvasquezg5@infoseek.co.jp,Thailand,153.152.16.173,3581558431932548,jcb
583,Catherine,Butler,cbutlerg6@istockphoto.com,Malaysia,251.189.109.42,3557568335379274,jcb
584,Jean,Duncan,jduncang7@miitbeian.gov.cn,Pakistan,208.140.224.5,3577265249399623,jcb
585,Carlos,Cole,ccoleg8@ft.com,Poland,118.41.68.108,3575302193912846,jcb
586,Walter,Peterson,wpetersong9@drupal.org,Ghana,216.242.186.131,6709922617516288038,laser
587,Jonathan,Wells,jwellsga@skype.com,China,198.139.203.179,6771923983667400,laser
588,Earl,Murphy,emurphygb@jiathis.com,Russia,119.18.46.192,4508699820462289,visa-electron
589,Jennifer,Thompson,jthompsongc@ebay.co.uk,Peru,239.174.6.214,6759929191451459,switch
590,Laura,Franklin,lfranklingd@marriott.com,Netherlands,187.75.55.103,5602234374120604,china-unionpay
591,Donna,Marshall,dmarshallge@bandcamp.com,China,21.32.168.100,5100172232093786,mastercard
592,Beverly,Montgomery,bmontgomerygf@sourceforge.net,Canada,248.136.211.26,4405171055795860,visa-electron
593,Sarah,Hunt,shuntgg@livejournal.com,Nigeria,226.205.77.252,4405057169234468,visa-electron
594,Sarah,Wagner,swagnergh@va.gov,China,161.212.194.33,3571926902011641,jcb
595,Heather,Jackson,hjacksongi@scribd.com,Portugal,25.71.244.4,3545949237622141,jcb
596,Mildred,Sanchez,msanchezgj@springer.com,China,45.226.150.24,3568892854100656,jcb
597,Heather,Day,hdaygk@hostgator.com,Greece,35.46.34.73,201856829857244,diners-club-enroute
598,Norma,Hunter,nhuntergl@tamu.edu,China,224.45.89.190,5602249667122174,bankcard
599,Raymond,Ryan,rryangm@aol.com,Hungary,40.162.185.129,5602218369429815,bankcard
600,Kathy,Gilbert,kgilbertgn@admin.ch,Indonesia,231.255.180.220,4913567634709691,visa-electron
601,Joan,Long,jlonggo@mapy.cz,China,245.140.116.188,6386776226128268,instapayment
602,Lawrence,Dean,ldeangp@rakuten.co.jp,Portugal,42.70.119.237,201655008834044,diners-club-enroute
603,Jimmy,Robertson,jrobertsongq@mac.com,China,32.59.69.147,3587819252051758,jcb
604,Michael,Patterson,mpattersongr@hubpages.com,Japan,137.122.77.150,3587621017207620,jcb
605,Wanda,Bailey,wbaileygs@constantcontact.com,Sweden,207.44.216.161,6767550884067947,solo
606,Jeffrey,Watson,jwatsongt@mediafire.com,China,115.166.136.151,5602229483837528,china-unionpay
607,Earl,Murphy,emurphygu@virginia.edu,China,8.182.193.78,372301424632810,americanexpress
608,Frances,Miller,fmillergv@netvibes.com,China,7.238.80.114,3585960246437109,jcb
609,Benjamin,Webb,bwebbgw@ca.gov,China,127.10.78.168,3571532707757014,jcb
610,Joseph,Banks,jbanksgx@webmd.com,Moldova,165.146.127.53,372301719359517,americanexpress
611,Carolyn,Howard,chowardgy@seattletimes.com,China,233.183.100.230,6388466808721569,instapayment
612,Ruth,Graham,rgrahamgz@sohu.com,China,233.108.193.204,3566714930075557,jcb
613,Russell,Scott,rscotth0@exblog.jp,Philippines,172.202.138.156,201773620049956,diners-club-enroute
614,Julie,Reid,jreidh1@printfriendly.com,Nigeria,181.153.172.243,6304917864451054,laser
615,Diana,Fowler,dfowlerh2@tuttocitta.it,Dominican Republic,67.152.244.223,3562597794128511,jcb
616,Brenda,Ferguson,bfergusonh3@boston.com,Poland,59.181.4.163,3559959172106672,jcb
617,Michael,James,mjamesh4@symantec.com,Brazil,77.9.220.123,5108759775034417,mastercard
618,Jimmy,Rogers,jrogersh5@angelfire.com,Colombia,151.190.29.37,3530848504686622,jcb
619,Wayne,Rogers,wrogersh6@time.com,Ukraine,188.0.213.248,3540930480639805,jcb
620,Jimmy,Jordan,jjordanh7@craigslist.org,Rwanda,133.131.242.132,30349487872819,diners-club-carte-blanche
621,Shawn,Hunter,shunterh8@uiuc.edu,Honduras,229.151.246.15,3567239003553453,jcb
622,Anthony,Kelly,akellyh9@dyndns.org,Jordan,137.80.200.121,5100133064753350,mastercard
623,Russell,Bryant,rbryantha@fda.gov,Papua New Guinea,164.160.52.77,374288915236276,americanexpress
624,Jean,Stevens,jstevenshb@mayoclinic.com,Mexico,49.21.226.44,5602215800408848283,china-unionpay
625,Martin,Miller,mmillerhc@comcast.net,Brazil,223.198.246.99,4905723846820294914,switch
626,Justin,Wallace,jwallacehd@bluehost.com,Bosnia and Herzegovina,74.35.221.170,3532765118604601,jcb
627,Frank,Wheeler,fwheelerhe@purevolume.com,Croatia,162.211.230.2,3560247212931748,jcb
628,Mary,Mccoy,mmccoyhf@smh.com.au,China,103.176.195.153,6709820023606116,laser
629,Susan,Montgomery,smontgomeryhg@seattletimes.com,Russia,74.142.46.33,3546614301052661,jcb
630,Arthur,Flores,afloreshh@uiuc.edu,China,248.31.229.164,493630601427069604,switch
631,Bobby,Fields,bfieldshi@ezinearticles.com,Denmark,170.98.220.106,5048371985108206,mastercard
632,Phillip,Richards,prichardshj@slate.com,France,210.143.63.41,5100143144679046,mastercard
633,Harry,Taylor,htaylorhk@free.fr,Finland,55.221.242.152,67062113999446193,laser
634,Jennifer,Bowman,jbowmanhl@archive.org,China,200.9.100.141,3570189191231492,jcb
635,Rose,Banks,rbankshm@washingtonpost.com,China,82.50.240.214,3556176283640415,jcb
636,Brian,Kim,bkimhn@trellian.com,Russia,149.228.143.242,5602244281482120,bankcard
637,Kevin,Sims,ksimsho@addtoany.com,Ukraine,115.220.73.158,3586412370816426,jcb
638,Tammy,Graham,tgrahamhp@chronoengine.com,Finland,1.185.19.51,5100136637087313,mastercard
639,Benjamin,Stanley,bstanleyhq@nature.com,Albania,36.92.250.195,36221316415850,diners-club-international
640,Bobby,White,bwhitehr@usnews.com,Philippines,255.247.187.37,3565232685564304,jcb
641,Edward,Howell,ehowellhs@yelp.com,Mexico,248.20.193.219,348518178611721,americanexpress
642,Sarah,Watkins,swatkinsht@dion.ne.jp,Poland,118.74.107.235,3553065211785207,jcb
643,Marie,Arnold,marnoldhu@netlog.com,Indonesia,85.41.163.9,67065014975850712,laser
644,Andrew,Sanders,asandershv@w3.org,Indonesia,92.89.43.11,6706372682840548,laser
645,Irene,Dean,ideanhw@state.tx.us,France,124.83.159.209,6771335560586926759,laser
646,Katherine,Martinez,kmartinezhx@over-blog.com,China,185.182.248.154,3579723945984625,jcb
647,Richard,West,rwesthy@gov.uk,China,158.143.167.47,4917881176566732,visa-electron
648,Gerald,Jordan,gjordanhz@discovery.com,China,91.194.146.208,3536560263306979,jcb
649,Paula,Stone,pstonei0@cdc.gov,Iceland,207.60.146.135,4905561316843092625,switch
650,Deborah,Boyd,dboydi1@slashdot.org,Russia,203.26.177.161,3548941895035580,jcb
651,Maria,Lynch,mlynchi2@loc.gov,China,207.76.15.233,30081753905946,diners-club-carte-blanche
652,Eric,Davis,edavisi3@independent.co.uk,Russia,105.226.109.53,3535205012516103,jcb
653,Alice,Harris,aharrisi4@is.gd,Croatia,112.104.99.65,3559552773587935,jcb
654,Jimmy,Howell,jhowelli5@ovh.net,France,27.91.104.234,3567802274053048,jcb
655,Julia,Stanley,jstanleyi6@hubpages.com,China,124.158.1.72,4405489023695784,visa-electron
656,Arthur,Woods,awoodsi7@fotki.com,Russia,52.118.233.160,560222400568602236,china-unionpay
657,Evelyn,Perry,eperryi8@princeton.edu,Poland,229.182.66.186,3586242017226360,jcb
658,Harold,Collins,hcollinsi9@pcworld.com,Peru,227.77.48.181,5641825300459864511,switch
659,Alice,Spencer,aspenceria@51.la,Croatia,173.144.168.43,3528827607800284,jcb
660,Tina,Hawkins,thawkinsib@vistaprint.com,Iran,29.2.176.21,3557545460510964,jcb
661,Betty,Grant,bgrantic@un.org,Sweden,139.103.22.166,3569185713470470,jcb
662,Eric,Palmer,epalmerid@yelp.com,Greece,221.152.158.203,4905712865526907,switch
663,Sean,Gilbert,sgilbertie@lycos.com,South Africa,224.178.36.121,36185454088235,diners-club-international
664,John,Lawson,jlawsonif@fotki.com,Indonesia,196.195.214.150,633464261973661536,solo
665,Bonnie,Sims,bsimsig@t.co,United States,38.155.229.252,5602237044449709,china-unionpay
666,Tammy,Matthews,tmatthewsih@nyu.edu,Philippines,118.249.170.34,4905320596656936008,switch
667,Kimberly,Williamson,kwilliamsonii@youtube.com,Tajikistan,253.195.238.130,3587334848377022,jcb
668,Phillip,Morgan,pmorganij@jimdo.com,Honduras,87.6.218.206,4026117238044550,visa-electron
669,Gloria,Washington,gwashingtonik@1688.com,Philippines,37.169.176.97,372301963965035,americanexpress
670,Jeffrey,Peterson,jpetersonil@jalbum.net,Poland,54.150.35.145,4917624157066615,visa-electron
671,Louise,Gibson,lgibsonim@etsy.com,Germany,28.146.164.97,3563858332335797,jcb
672,Kathy,Martinez,kmartinezin@etsy.com,Poland,98.229.220.86,3588978448732504,jcb
673,Lori,Webb,lwebbio@google.fr,Indonesia,188.91.108.207,3558090523897750,jcb
674,Harry,Morris,hmorrisip@ow.ly,Portugal,203.203.10.123,5440021607096834,diners-club-us-ca
675,Katherine,Griffin,kgriffiniq@eventbrite.com,Nicaragua,254.41.95.150,3565474374872529,jcb
676,Wayne,Williamson,wwilliamsonir@freewebs.com,Kazakhstan,146.59.140.126,201842011256114,diners-club-enroute
677,Fred,Ross,frossis@pagesperso-orange.fr,China,131.100.254.8,3533226683129168,jcb
678,Barbara,Burton,bburtonit@google.es,Sweden,123.42.100.62,374288745584648,americanexpress
679,Justin,Howard,jhowardiu@etsy.com,Indonesia,241.233.23.132,3554503771824122,jcb
680,Chris,Jacobs,cjacobsiv@washington.edu,Russia,101.164.200.27,3584568515247959,jcb
681,Debra,Bryant,dbryantiw@washingtonpost.com,Mexico,39.164.201.131,5602220104708528304,china-unionpay
682,George,Nguyen,gnguyenix@jigsy.com,Indonesia,112.241.234.196,3529333909840846,jcb
683,Douglas,Hall,dhalliy@biglobe.ne.jp,Russia,211.178.58.95,3582496292544632,jcb
684,Bruce,Rice,briceiz@blog.com,United Kingdom,229.16.52.125,30471920817654,diners-club-carte-blanche
685,Matthew,Daniels,mdanielsj0@tinypic.com,Albania,232.19.157.244,372301377771540,americanexpress
686,Kimberly,Perez,kperezj1@skyrock.com,Philippines,114.31.92.120,4844250442277821,visa-electron
687,George,Martin,gmartinj2@aol.com,China,2.237.90.211,3533389805966063,jcb
688,Norma,Barnes,nbarnesj3@about.com,Indonesia,224.27.173.117,3566490757591337,jcb
689,Mark,Chapman,mchapmanj4@google.com.au,China,84.179.166.45,6304715549834271266,maestro
690,Kathleen,Sims,ksimsj5@plala.or.jp,Philippines,37.105.72.66,3537576182973367,jcb
691,Terry,Stone,tstonej6@nih.gov,Poland,164.239.127.10,374622657979372,americanexpress
692,Jean,Hansen,jhansenj7@ameblo.jp,Uruguay,163.203.94.30,3543185408589452,jcb
693,Christina,Thomas,cthomasj8@netlog.com,Ukraine,248.59.230.184,4017958761997271,visa
694,Rebecca,Evans,revansj9@wiley.com,United States,13.187.70.67,4844091535726195,visa-electron
695,Michael,Martin,mmartinja@cbsnews.com,Indonesia,8.103.211.39,5506687557029867,diners-club-us-ca
696,Ryan,Arnold,rarnoldjb@npr.org,Kiribati,75.8.183.169,3565015781712699,jcb
697,Julia,Woods,jwoodsjc@w3.org,Namibia,88.160.162.102,3529748773706783,jcb
698,Betty,Freeman,bfreemanjd@sfgate.com,Colombia,178.185.30.115,201505263183894,diners-club-enroute
699,Frank,Stephens,fstephensje@unicef.org,Czech Republic,59.222.157.95,3586268978218005,jcb
700,Sharon,Carr,scarrjf@vkontakte.ru,Greece,84.42.54.133,6759438029420637,maestro
701,Virginia,Cooper,vcooperjg@goo.gl,Brazil,206.17.30.175,3549614267051209,jcb
702,Pamela,Medina,pmedinajh@surveymonkey.com,China,254.233.14.98,3530415601055018,jcb
703,Russell,Bell,rbellji@harvard.edu,Poland,212.207.52.92,5610235175214728,bankcard
704,Martin,Perez,mperezjj@unc.edu,Canada,222.248.216.188,3563036667305921,jcb
705,Jeremy,Garza,jgarzajk@cafepress.com,Honduras,155.137.181.133,4936584315247274,switch
706,Alan,Gomez,agomezjl@vkontakte.ru,Nicaragua,22.150.119.80,4913177736374665,visa-electron
707,Terry,Campbell,tcampbelljm@slideshare.net,Mexico,204.247.111.240,3570190965176541,jcb
708,Kimberly,Perkins,kperkinsjn@google.de,Bosnia and Herzegovina,98.143.255.164,6759495313380398,maestro
709,Diana,Burton,dburtonjo@cmu.edu,Sweden,148.179.231.34,3551628723412503,jcb
710,Edward,Ford,efordjp@mozilla.org,Afghanistan,47.135.30.209,3564652897398152,jcb
711,Susan,Hunter,shunterjq@wp.com,Portugal,82.83.184.116,3585797079112874,jcb
712,Shirley,Harrison,sharrisonjr@gravatar.com,Angola,172.221.51.77,3536852120123436,jcb
713,Maria,Harrison,mharrisonjs@ustream.tv,China,113.109.23.83,30062110979667,diners-club-carte-blanche
714,Matthew,Howard,mhowardjt@netlog.com,Greece,186.118.62.254,372301749142529,americanexpress
715,Dorothy,Mason,dmasonju@hp.com,Lithuania,169.74.132.244,5048373624921437,mastercard
716,Jeffrey,Marshall,jmarshalljv@pcworld.com,Czech Republic,171.23.156.127,3554472344736223,jcb
717,Betty,Nelson,bnelsonjw@economist.com,Lesotho,63.137.239.127,67093258777510430,laser
718,Sharon,Wilson,swilsonjx@livejournal.com,Ukraine,239.169.129.239,6763022196057333,maestro
719,Brenda,Fox,bfoxjy@ask.com,Bulgaria,220.200.29.65,5610037652240972,china-unionpay
720,Mary,Robinson,mrobinsonjz@com.com,Croatia,102.33.98.255,3574074139079607,jcb
721,Irene,Stevens,istevensk0@unicef.org,Finland,168.190.213.50,30259315349452,diners-club-carte-blanche
722,Jonathan,Grant,jgrantk1@newsvine.com,China,155.141.92.156,560223580638831672,china-unionpay
723,Michael,Brown,mbrownk2@so-net.ne.jp,Greece,167.246.150.212,3530493256013848,jcb
724,Harold,Hansen,hhansenk3@clickbank.net,China,84.110.62.91,3533369794328954,jcb
725,Robert,Parker,rparkerk4@example.com,Ukraine,249.57.195.146,493605830906107756,switch
726,Clarence,Carter,ccarterk5@yahoo.com,China,12.201.118.250,5100174312738827,mastercard
727,Philip,Cook,pcookk6@indiatimes.com,Thailand,157.101.178.176,3562112571607560,jcb
728,Gregory,Stevens,gstevensk7@reverbnation.com,United States,19.245.207.1,370122776346433,americanexpress
729,Jean,Harrison,jharrisonk8@nhs.uk,Philippines,50.26.32.111,3564336753265727,jcb
730,Denise,Walker,dwalkerk9@unicef.org,China,196.163.176.195,5602221926811418,bankcard
731,Virginia,Crawford,vcrawfordka@yahoo.co.jp,Argentina,57.222.119.21,4175004508476770,visa-electron
732,Frances,Thompson,fthompsonkb@jiathis.com,China,55.70.8.59,5537023529196217,diners-club-us-ca
733,Donald,Snyder,dsnyderkc@comcast.net,Estonia,224.82.160.58,4917647735584387,visa-electron
734,Mary,Berry,mberrykd@gravatar.com,China,170.89.38.146,3528793265223948,jcb
735,Debra,Harris,dharriske@ebay.com,Jamaica,249.221.79.188,3588482736130000,jcb
736,Arthur,Fernandez,afernandezkf@samsung.com,Brazil,35.4.51.225,4175006350081327,visa-electron
737,Kathryn,Smith,ksmithkg@pagesperso-orange.fr,Burkina Faso,198.159.39.162,06046514576799913,maestro
738,Joseph,Willis,jwilliskh@rambler.ru,Greece,90.218.23.88,201866999893416,diners-club-enroute
739,Frances,Dunn,fdunnki@elpais.com,China,223.47.147.73,30050584157704,diners-club-carte-blanche
740,Lawrence,Mitchell,lmitchellkj@si.edu,Philippines,11.82.39.242,3573215174384318,jcb
741,Carl,Banks,cbankskk@moonfruit.com,Indonesia,141.131.165.220,5602243635322537,bankcard
742,Rebecca,Woods,rwoodskl@de.vu,Philippines,146.129.92.191,4041371769118,visa
743,Jeffrey,Washington,jwashingtonkm@over-blog.com,Philippines,56.157.44.156,3537948627812767,jcb
744,Jane,Phillips,jphillipskn@sun.com,Ukraine,200.245.111.134,3569989292005858,jcb
745,Harry,Evans,hevansko@nydailynews.com,China,129.155.80.162,3559313315325494,jcb
746,Howard,Hayes,hhayeskp@privacy.gov.au,Thailand,217.39.190.178,201808861303819,diners-club-enroute
747,Earl,Young,eyoungkq@merriam-webster.com,China,213.57.82.242,374288305497868,americanexpress
748,Barbara,Simpson,bsimpsonkr@bloglines.com,Indonesia,169.224.147.209,633464354738928223,solo
749,Carlos,Ferguson,cfergusonks@aboutads.info,Indonesia,179.5.6.168,3574682071780279,jcb
750,Susan,Frazier,sfrazierkt@wikipedia.org,Nigeria,45.104.53.195,3528863028575262,jcb
751,Daniel,Gilbert,dgilbertku@techcrunch.com,Jordan,84.185.183.199,5501341521469453,mastercard
752,Paul,Murphy,pmurphykv@un.org,Zambia,48.123.55.44,5048379829666842,mastercard
753,Bobby,Perez,bperezkw@rediff.com,Germany,105.246.166.237,4913209100983795,visa-electron
754,Marilyn,Mason,mmasonkx@technorati.com,China,147.88.85.8,5367323902441825,mastercard
755,Helen,Meyer,hmeyerky@taobao.com,China,61.184.241.197,3543096596028635,jcb
756,Amy,Green,agreenkz@chronoengine.com,China,110.195.20.177,30360287062741,diners-club-carte-blanche
757,Lillian,Fernandez,lfernandezl0@feedburner.com,Indonesia,30.193.159.36,5572090266940723,diners-club-us-ca
758,Irene,Bryant,ibryantl1@vistaprint.com,Indonesia,139.31.130.212,337941035465938,americanexpress
759,Nancy,Gordon,ngordonl2@usa.gov,Greece,141.7.33.3,6334737140535536,solo
760,Cheryl,Wallace,cwallacel3@livejournal.com,China,138.44.242.109,5498323792363958,diners-club-us-ca
761,Eric,Cox,ecoxl4@umn.edu,France,13.119.18.146,5602215357688645376,china-unionpay
762,Emily,Jordan,ejordanl5@wikispaces.com,Lithuania,21.175.111.6,6759387693330132390,switch
763,Adam,Jackson,ajacksonl6@loc.gov,China,32.38.21.242,5610448092522657,bankcard
764,Stephen,Chapman,schapmanl7@cloudflare.com,Venezuela,80.180.125.81,3539858642631423,jcb
765,Jonathan,Harris,jharrisl8@sourceforge.net,Philippines,207.210.200.78,3570527193529480,jcb
766,Virginia,Chapman,vchapmanl9@businesswire.com,Haiti,53.30.135.27,3552659074578989,jcb
767,John,Hayes,jhayesla@comcast.net,Portugal,123.131.204.5,5511989470740338,mastercard
768,Paul,Hawkins,phawkinslb@gizmodo.com,China,183.177.100.169,491167402971468101,switch
769,Scott,Olson,solsonlc@forbes.com,United States,97.18.196.12,3581947208039167,jcb
770,Kelly,Collins,kcollinsld@ameblo.jp,Kyrgyzstan,145.31.101.17,3574791667172179,jcb
771,Susan,Willis,swillisle@rakuten.co.jp,Peru,119.145.243.11,3579763083371276,jcb
772,Shawn,Alexander,salexanderlf@virginia.edu,Azerbaijan,217.86.39.237,630429956095109716,laser
773,Angela,Larson,alarsonlg@ucsd.edu,Philippines,113.129.67.123,5007669398758940,mastercard
774,Theresa,Thomas,tthomaslh@youku.com,Macedonia,214.105.159.129,4989758934758343,visa
775,Deborah,Morrison,dmorrisonli@msn.com,Russia,70.51.95.165,5306395254462710,mastercard
776,Alan,Welch,awelchlj@answers.com,Philippines,237.173.236.220,3577877899713364,jcb
777,Norma,Flores,nfloreslk@opensource.org,Indonesia,157.128.255.228,3567486257113688,jcb
778,Ruth,Gilbert,rgilbertll@sciencedirect.com,China,209.215.115.61,201723399860745,diners-club-enroute
779,Richard,Banks,rbankslm@craigslist.org,Mongolia,179.182.64.39,3535903276278366,jcb
780,Christopher,Shaw,cshawln@omniture.com,Portugal,97.138.112.89,67060302664257868,laser
781,Norma,Price,npricelo@elegantthemes.com,Albania,39.121.33.250,3566851609927252,jcb
782,Kevin,Burton,kburtonlp@phpbb.com,New Zealand,184.42.185.49,5602240509671181558,china-unionpay
783,Lori,Lawrence,llawrencelq@china.com.cn,Kazakhstan,135.179.192.51,5602213462366972,bankcard
784,Rebecca,Howell,rhowelllr@tmall.com,Bolivia,40.213.182.114,4026316679497570,visa-electron
785,Andrea,Fernandez,afernandezls@joomla.org,Czech Republic,246.121.60.244,347941102698971,americanexpress
786,Alan,Bell,abelllt@twitpic.com,Nigeria,52.97.127.139,3552109343937723,jcb
787,Alice,Jones,ajoneslu@tmall.com,Argentina,226.136.225.114,5602236007092316,bankcard
788,Eric,Hanson,ehansonlv@pcworld.com,Russia,20.176.81.185,67597648119612202,maestro
789,Steven,Butler,sbutlerlw@apache.org,France,122.83.193.1,201861219780543,diners-club-enroute
790,Ryan,King,rkinglx@fda.gov,Russia,38.61.8.64,201722430689782,diners-club-enroute
791,Jean,Hawkins,jhawkinsly@histats.com,Sweden,73.248.242.18,4936461512976833,switch
792,William,Henderson,whendersonlz@feedburner.com,United States,41.223.43.208,372301712579822,americanexpress
793,Mildred,Brooks,mbrooksm0@shareasale.com,Finland,197.85.31.186,4017958215543,visa
794,Peter,Kelly,pkellym1@icq.com,Poland,237.99.197.250,3552455593195177,jcb
795,Mary,Dixon,mdixonm2@tinypic.com,Hungary,120.228.248.171,5602252513288223,bankcard
796,Heather,Williams,hwilliamsm3@icq.com,China,135.119.96.167,6378749184761669,instapayment
797,Ruth,Perry,rperrym4@blog.com,Czech Republic,132.50.158.144,5610730189954731,bankcard
798,Joe,King,jkingm5@gravatar.com,Finland,183.188.204.91,3572166768343098,jcb
799,Roger,Gutierrez,rgutierrezm6@dell.com,China,135.123.137.106,30336228734697,diners-club-carte-blanche
800,Jeremy,Coleman,jcolemanm7@dailymotion.com,China,217.13.59.68,5100135203060993,mastercard
801,Juan,Garrett,jgarrettm8@homestead.com,Poland,50.233.159.223,5118420830996375,mastercard
802,Linda,Davis,ldavism9@google.com.br,Georgia,184.109.121.152,3573307790015499,jcb
803,Ernest,Mendoza,emendozama@psu.edu,Tunisia,109.75.193.188,3532832628785823,jcb
804,Carolyn,Garcia,cgarciamb@deliciousdays.com,China,148.74.230.33,376890195132634,americanexpress
805,Marie,Moreno,mmorenomc@cam.ac.uk,Indonesia,208.174.146.215,4913905410813495,visa-electron
806,Jessica,Gutierrez,jgutierrezmd@paypal.com,Russia,128.178.224.120,5602228072053844,bankcard
807,Marilyn,Black,mblackme@eventbrite.com,Colombia,126.151.55.235,201443836384296,diners-club-enroute
808,Antonio,Cox,acoxmf@army.mil,Russia,205.183.25.86,3552042938643838,jcb
809,Teresa,Watkins,twatkinsmg@gov.uk,France,201.173.65.8,4936035122296780,switch
810,Cynthia,Stewart,cstewartmh@telegraph.co.uk,China,116.0.50.42,6390009898508250,instapayment
811,Lori,Welch,lwelchmi@tiny.cc,China,60.13.50.43,3531792860337884,jcb
812,Matthew,Hunt,mhuntmj@oracle.com,Philippines,16.105.32.242,3567630826297684,jcb
813,Alan,Bennett,abennettmk@cnn.com,South Korea,200.103.18.144,6376740423494669,instapayment
814,Debra,Young,dyoungml@wisc.edu,Russia,1.155.122.129,3528663615335090,jcb
815,Frances,Ramirez,framirezmm@friendfeed.com,Indonesia,91.172.20.25,5048375556275286,mastercard
816,Henry,Cruz,hcruzmn@homestead.com,Portugal,167.169.32.144,6759934221699866792,maestro
817,Jimmy,Davis,jdavismo@apache.org,Tunisia,58.62.129.119,3532566727466618,jcb
818,Shirley,Ross,srossmp@opensource.org,Philippines,225.91.40.108,501818866190123672,maestro
819,Janet,Morgan,jmorganmq@theguardian.com,China,103.136.19.111,3528953746149530,jcb
820,Janice,Banks,jbanksmr@plala.or.jp,Thailand,130.185.89.65,3582014919888538,jcb
821,Frances,Bradley,fbradleyms@google.ca,Philippines,132.148.70.85,201776707092153,diners-club-enroute
822,Andrea,Allen,aallenmt@senate.gov,Bosnia and Herzegovina,17.54.129.116,3558346653059607,jcb
823,Brandon,Taylor,btaylormu@tripod.com,Venezuela,91.93.218.220,0604325096260006,maestro
824,Heather,Baker,hbakermv@blogtalkradio.com,Nigeria,5.2.17.177,3568246439441897,jcb
825,Mary,Dean,mdeanmw@businessweek.com,Palestinian Territory,203.205.136.180,4913604732601023,visa-electron
826,Gary,Davis,gdavismx@narod.ru,Russia,11.186.87.13,5602238581996383031,china-unionpay
827,Phillip,White,pwhitemy@cornell.edu,China,171.151.180.255,4903448627006837,switch
828,Virginia,Flores,vfloresmz@vistaprint.com,China,166.176.84.143,3571394711205013,jcb
829,Juan,Bowman,jbowmann0@mit.edu,Guatemala,95.107.241.66,3530726680900027,jcb
830,Janet,Olson,jolsonn1@unesco.org,China,241.39.138.171,3559081356399112,jcb
831,Paula,Hanson,phansonn2@intel.com,China,96.67.58.45,3578870352794947,jcb
832,Raymond,Taylor,rtaylorn3@dion.ne.jp,Brazil,30.223.126.232,3588137118267487,jcb
833,William,Berry,wberryn4@parallels.com,China,216.153.89.67,3564645610738134,jcb
834,Phyllis,Wood,pwoodn5@marketwatch.com,Philippines,181.225.39.214,3549811264656127,jcb
835,Albert,Lane,alanen6@ca.gov,China,118.122.159.109,201940480921091,diners-club-enroute
836,Jane,Holmes,jholmesn7@slashdot.org,Georgia,157.101.138.184,490545419270988915,switch
837,David,Hansen,dhansenn8@dell.com,Russia,189.227.208.198,3579806908931509,jcb
838,Carolyn,Bishop,cbishopn9@flavors.me,Russia,47.36.61.131,3559471338341482,jcb
839,Susan,George,sgeorgena@sohu.com,China,127.60.254.213,3530335933047709,jcb
840,Randy,Bennett,rbennettnb@unc.edu,Syria,246.113.209.95,6706338322359306,laser
841,Ryan,Reynolds,rreynoldsnc@dailymail.co.uk,Russia,25.251.228.123,3574403347270007,jcb
842,Sara,Barnes,sbarnesnd@java.com,Russia,213.128.250.30,3530338924669077,jcb
843,Martha,Roberts,mrobertsne@networkadvertising.org,Brazil,147.56.182.250,3575605678223566,jcb
844,Lawrence,Black,lblacknf@vinaora.com,Bulgaria,145.211.22.176,564182584970865430,switch
845,Alan,Arnold,aarnoldng@newyorker.com,Canada,168.179.138.168,30473109095664,diners-club-carte-blanche
846,Susan,Carpenter,scarpenternh@furl.net,Mexico,196.206.37.82,3566555307654205,jcb
847,Elizabeth,Ramirez,eramirezni@blogs.com,Poland,197.181.230.199,5002354268699640,mastercard
848,Paula,Stevens,pstevensnj@dyndns.org,Nepal,51.207.201.247,3533482639524909,jcb
849,Edward,Baker,ebakernk@vkontakte.ru,Portugal,142.166.18.210,374622803087682,americanexpress
850,Sarah,James,sjamesnl@icio.us,Philippines,43.104.253.148,3562207506722490,jcb
851,Harold,Warren,hwarrennm@upenn.edu,Colombia,71.136.174.168,63044785323134546,laser
852,Jack,Rice,jricenn@spotify.com,Mongolia,76.181.8.48,4936254281976948,switch
853,Heather,Martin,hmartinno@ftc.gov,Philippines,108.208.65.138,4041599967957,visa
854,Benjamin,Porter,bporternp@facebook.com,Bangladesh,209.232.192.26,3530676018370825,jcb
855,Norma,Cook,ncooknq@twitter.com,Portugal,189.253.60.68,3542329780068773,jcb
856,Rebecca,Dunn,rdunnnr@intel.com,Nigeria,45.227.74.235,3585259523053220,jcb
857,Douglas,Sanchez,dsanchezns@nbcnews.com,Nepal,87.9.235.44,3580534831457379,jcb
858,Brandon,Gray,bgraynt@phpbb.com,Indonesia,114.211.145.165,3564329776373917,jcb
859,Catherine,Franklin,cfranklinnu@state.gov,Indonesia,232.6.60.207,6334273883577530633,solo
860,Carol,Hill,chillnv@google.com,Peru,64.45.106.201,6304436523545966,laser
861,Rose,Diaz,rdiaznw@time.com,Russia,27.132.206.0,3534599716048327,jcb
862,Sean,Thomas,sthomasnx@technorati.com,Sweden,192.68.63.24,4903232182182209947,switch
863,Michael,Morgan,mmorganny@usa.gov,Finland,1.52.144.160,633110388028552150,switch
864,Larry,Larson,llarsonnz@people.com.cn,China,190.172.245.254,3529451543974746,jcb
865,Harold,Hart,hharto0@sfgate.com,Pakistan,89.208.39.240,30426919744053,diners-club-carte-blanche
866,Howard,Pierce,hpierceo1@infoseek.co.jp,Finland,7.187.176.146,4405750459109222,visa-electron
867,Bruce,Cole,bcoleo2@rediff.com,China,1.132.82.57,5010125181943533,mastercard
868,Samuel,Snyder,ssnydero3@spotify.com,Iran,139.208.204.227,3547133134341943,jcb
869,Kenneth,King,kkingo4@yellowpages.com,China,83.22.235.53,3531043059954554,jcb
870,Carol,Reyes,creyeso5@xing.com,Indonesia,231.183.233.204,5235180360402685,mastercard
871,Deborah,Long,dlongo6@blogger.com,Indonesia,70.65.203.79,3572322167997303,jcb
872,Virginia,Moore,vmooreo7@usgs.gov,Philippines,120.40.62.255,3546915784518197,jcb
873,Carlos,Garcia,cgarciao8@unc.edu,Indonesia,187.2.18.9,6304714438983913673,laser
874,Ann,Castillo,acastilloo9@alibaba.com,Indonesia,79.6.247.201,3530544540563202,jcb
875,Katherine,Edwards,kedwardsoa@macromedia.com,Indonesia,47.30.146.127,3532043872793634,jcb
876,Debra,Stanley,dstanleyob@tiny.cc,Greece,228.216.66.171,372301041358302,americanexpress
877,Amy,Armstrong,aarmstrongoc@wiley.com,Bolivia,165.245.229.24,5192549869454382,mastercard
878,Timothy,Arnold,tarnoldod@ox.ac.uk,Norway,162.145.252.5,30153669951676,diners-club-carte-blanche
879,George,Brown,gbrownoe@odnoklassniki.ru,Russia,186.205.41.115,3584356319639476,jcb
880,Bonnie,Flores,bfloresof@salon.com,Netherlands,241.59.205.190,3574975465593047,jcb
881,Ralph,Peters,rpetersog@google.co.jp,Indonesia,98.158.169.85,4175001566493473,visa-electron
882,Bonnie,Jones,bjonesoh@yolasite.com,Brazil,89.172.126.119,5597243990368080,mastercard
883,Adam,Jones,ajonesoi@go.com,Macedonia,74.60.215.179,5100148242018740,mastercard
884,Joe,Robertson,jrobertsonoj@blog.com,Canada,39.19.112.171,6393283603400585,instapayment
885,Frank,Sanchez,fsanchezok@dyndns.org,Russia,40.61.148.244,5463476312545982,mastercard
886,Cynthia,Foster,cfosterol@stanford.edu,China,127.255.73.249,3532990013549020,jcb
887,Evelyn,Owens,eowensom@seesaa.net,Indonesia,151.122.29.230,560222731648912918,china-unionpay
888,Todd,Carroll,tcarrollon@noaa.gov,Armenia,219.69.232.12,3532584892593314,jcb
889,Jerry,Reynolds,jreynoldsoo@infoseek.co.jp,China,142.187.171.35,36940326496903,diners-club-international
890,Sharon,Edwards,sedwardsop@163.com,Comoros,30.172.143.30,30540386196066,diners-club-carte-blanche
891,Susan,Porter,sporteroq@nba.com,Indonesia,219.81.185.41,3587877497153516,jcb
892,Rose,Boyd,rboydor@marriott.com,Ukraine,237.86.25.161,5007660930842532,mastercard
893,Jane,Howard,jhowardos@e-recht24.de,Serbia,213.90.138.97,5602239269738931,china-unionpay
894,Stephen,Rodriguez,srodriguezot@whitehouse.gov,Russia,214.117.48.7,502058399697933085,maestro
895,Rebecca,Dean,rdeanou@guardian.co.uk,Germany,129.222.86.77,4041598966416246,visa
896,Nicholas,Gray,ngrayov@hao123.com,China,203.78.149.11,6331101803239634,switch
897,Joyce,Porter,jporterow@ezinearticles.com,Sweden,179.239.164.149,3555114752263782,jcb
898,John,Mitchell,jmitchellox@google.com,Brazil,241.165.157.179,3537792208860518,jcb
899,Julia,Fields,jfieldsoy@altervista.org,Philippines,239.215.98.138,6331107687596159987,switch
900,Jimmy,Harrison,jharrisonoz@lulu.com,Philippines,57.108.217.214,4405724169500756,visa-electron
901,Sandra,Harris,sharrisp0@google.ca,Israel,214.216.17.187,5457359528335794,diners-club-us-ca
902,Evelyn,Parker,eparkerp1@telegraph.co.uk,Belarus,243.124.147.172,5602215502193852,bankcard
903,Mark,Brown,mbrownp2@army.mil,Poland,205.217.21.216,3564134454392571,jcb
904,Linda,Turner,lturnerp3@cafepress.com,Philippines,161.121.196.117,6374732524564237,instapayment
905,Tammy,Frazier,tfrazierp4@mit.edu,France,130.250.196.57,5186078399030312,mastercard
906,Patrick,Sullivan,psullivanp5@google.pl,France,175.5.233.15,3563967306699201,jcb
907,Carolyn,Tucker,ctuckerp6@godaddy.com,China,25.127.126.137,201547090863629,diners-club-enroute
908,Dennis,Murray,dmurrayp7@seesaa.net,China,244.162.213.203,6379660932114565,instapayment
909,Brenda,Cruz,bcruzp8@biglobe.ne.jp,China,184.189.222.41,201507370352867,diners-club-enroute
910,Philip,Myers,pmyersp9@ask.com,China,147.124.199.90,3558601382273311,jcb
911,Adam,Collins,acollinspa@ifeng.com,Armenia,188.72.148.22,3587556871806259,jcb
912,Teresa,Ross,trosspb@slideshare.net,Thailand,63.167.180.231,3539977197230447,jcb
913,Barbara,Lane,blanepc@wikimedia.org,Nigeria,35.206.163.75,5100133542526766,mastercard
914,Roy,Schmidt,rschmidtpd@histats.com,Greece,223.133.165.201,5251648488136582,mastercard
915,Donald,Gibson,dgibsonpe@imgur.com,Serbia,5.98.149.119,3570412473272251,jcb
916,Kevin,Day,kdaypf@yolasite.com,Russia,6.142.229.208,5502991524155712,diners-club-us-ca
917,Shirley,Stephens,sstephenspg@dailymotion.com,Peru,25.54.66.116,201817261904696,diners-club-enroute
918,Donna,Berry,dberryph@nature.com,Indonesia,131.76.157.239,5595200373362454,mastercard
919,Philip,Johnston,pjohnstonpi@blogtalkradio.com,Russia,247.175.9.111,4017950342712816,visa
920,Carolyn,Castillo,ccastillopj@cornell.edu,Philippines,164.142.28.126,3531423171977834,jcb
921,Lori,Mcdonald,lmcdonaldpk@infoseek.co.jp,China,99.42.22.25,5469384263485717,mastercard
922,Scott,Cook,scookpl@chicagotribune.com,China,144.232.176.145,5007660734670063,mastercard
923,Pamela,Gilbert,pgilbertpm@dedecms.com,Indonesia,149.212.161.176,3572089520852505,jcb
924,Harry,Williams,hwilliamspn@discovery.com,China,56.73.201.251,201789618001619,diners-club-enroute
925,Sarah,Turner,sturnerpo@gnu.org,Belarus,177.154.255.113,3583854763034427,jcb
926,Rebecca,Torres,rtorrespp@columbia.edu,China,235.163.100.227,3541000416890317,jcb
927,Victor,Garza,vgarzapq@spiegel.de,China,216.229.106.89,3566626224861718,jcb
928,Maria,Jenkins,mjenkinspr@sourceforge.net,Canada,117.63.20.27,3585631579709816,jcb
929,Bobby,Reynolds,breynoldsps@barnesandnoble.com,China,88.195.87.107,5346545126081344,mastercard
930,Frank,Franklin,ffranklinpt@omniture.com,China,167.60.85.218,30339712172010,diners-club-carte-blanche
931,Christina,Powell,cpowellpu@marriott.com,Philippines,156.130.47.154,3559785291748452,jcb
932,Marie,Pierce,mpiercepv@seattletimes.com,China,83.111.37.125,30146037525354,diners-club-carte-blanche
933,Bobby,Williams,bwilliamspw@skype.com,Indonesia,25.91.74.28,6709896105185540956,laser
934,Jose,Evans,jevanspx@twitter.com,China,36.118.84.108,30313609653242,diners-club-carte-blanche
935,Cynthia,Hansen,chansenpy@jalbum.net,Russia,18.73.245.79,30534284703768,diners-club-carte-blanche
936,Tammy,Burke,tburkepz@4shared.com,Pakistan,11.4.4.36,30333648677531,diners-club-carte-blanche
937,Dorothy,Gilbert,dgilbertq0@unicef.org,Portugal,251.238.44.254,4913132492743017,visa-electron
938,Paul,Perry,pperryq1@oaic.gov.au,Indonesia,200.249.136.97,3583243168260607,jcb
939,Raymond,Gilbert,rgilbertq2@1688.com,Czech Republic,85.23.235.229,4041597644944496,visa
940,Michelle,Miller,mmillerq3@drupal.org,Taiwan,201.139.146.37,3540559112084898,jcb
941,Shawn,Russell,srussellq4@imdb.com,China,94.18.201.125,5602238257654936,bankcard
942,Jason,Robinson,jrobinsonq5@samsung.com,China,106.45.140.38,3551687036952829,jcb
943,Brian,Stephens,bstephensq6@nature.com,Canada,95.130.121.197,337941234338324,americanexpress
944,Paul,Williamson,pwilliamsonq7@blogger.com,Philippines,51.66.196.109,201958211168808,diners-club-enroute
945,Samuel,Ramirez,sramirezq8@senate.gov,United States,143.107.90.60,3541646166986554,jcb
946,Evelyn,Palmer,epalmerq9@cornell.edu,Portugal,215.235.210.139,4017959081566010,visa
947,Brian,Burke,bburkeqa@mapy.cz,Brazil,177.116.225.22,3567272759885811,jcb
948,Charles,Lynch,clynchqb@zimbio.com,Portugal,3.220.83.18,3578077270214566,jcb
949,Kathy,Owens,kowensqc@smh.com.au,Georgia,134.216.235.216,4844755351616579,visa-electron
950,Diana,Dean,ddeanqd@ca.gov,China,91.188.63.49,4913598264711962,visa-electron
951,Christine,Washington,cwashingtonqe@webs.com,Indonesia,8.244.230.196,67591519253232543,maestro
952,Aaron,Austin,aaustinqf@wsj.com,Cyprus,120.1.196.219,670929316873260390,laser
953,Eugene,Reid,ereidqg@nih.gov,Canada,179.31.21.245,3576721118851061,jcb
954,Ruth,Wilson,rwilsonqh@usatoday.com,Guadeloupe,46.40.129.174,3537201642708051,jcb
955,Amanda,Martin,amartinqi@cargocollective.com,China,204.90.94.28,3548189335322925,jcb
956,Mary,Fuller,mfullerqj@ihg.com,Poland,122.128.148.241,3568775345822105,jcb
957,Jessica,Harris,jharrisqk@sitemeter.com,Philippines,226.141.249.118,3567571071443740,jcb
958,Gloria,Berry,gberryql@umich.edu,Brazil,141.245.168.92,50189007413074959,maestro
959,Jennifer,Greene,jgreeneqm@eventbrite.com,China,13.10.28.173,5155590338567367,mastercard
960,Gerald,Allen,gallenqn@newsvine.com,China,254.246.86.20,3582804991535514,jcb
961,Kenneth,Hughes,khughesqo@acquirethisname.com,Thailand,18.181.64.116,4237239090913238,visa
962,Scott,Powell,spowellqp@so-net.ne.jp,North Korea,194.38.209.68,3571109987712751,jcb
963,Ruth,Spencer,rspencerqq@joomla.org,China,211.163.56.234,3532658288897172,jcb
964,Bruce,Hunter,bhunterqr@tmall.com,Indonesia,224.4.191.45,4017959480711878,visa
965,Antonio,Hart,ahartqs@admin.ch,Hong Kong,76.75.115.211,6709894418925423,laser
966,Linda,Sims,lsimsqt@pinterest.com,Indonesia,167.108.224.39,30138152285732,diners-club-carte-blanche
967,Carolyn,Carr,ccarrqu@furl.net,China,170.56.141.161,4175000247722672,visa-electron
968,Randy,Stevens,rstevensqv@furl.net,Portugal,98.230.204.150,5170055315437381,mastercard
969,Chris,Mills,cmillsqw@studiopress.com,Russia,110.197.252.166,3542694329779200,jcb
970,James,Jacobs,jjacobsqx@sohu.com,China,70.152.13.198,3539491890851798,jcb
971,Pamela,Reyes,preyesqy@twitpic.com,Finland,134.224.174.15,6767855442064736,solo
972,Carolyn,Price,cpriceqz@techcrunch.com,Burkina Faso,85.91.36.85,3528222715462377,jcb
973,Kathy,Perry,kperryr0@github.io,Cuba,224.153.140.5,3533607332720582,jcb
974,Phillip,Bennett,pbennettr1@rakuten.co.jp,China,49.9.40.169,3561724095593000,jcb
975,Arthur,Clark,aclarkr2@360.cn,Philippines,47.111.199.162,374283948837323,americanexpress
976,Juan,Sanchez,jsanchezr3@mozilla.com,Equatorial Guinea,95.15.104.153,3535179474320082,jcb
977,Gary,Scott,gscottr4@usda.gov,Albania,254.31.169.25,67067107708935657,laser
978,Lawrence,Henry,lhenryr5@nytimes.com,France,33.252.114.103,337941329001530,americanexpress
979,Earl,Gardner,egardnerr6@miibeian.gov.cn,China,190.164.162.39,3535501355454807,jcb
980,Ashley,Black,ablackr7@answers.com,Portugal,253.54.32.234,201950257139231,diners-club-enroute
981,Louis,Walker,lwalkerr8@youtu.be,Philippines,252.7.201.227,3576537811747434,jcb
982,David,Chavez,dchavezr9@merriam-webster.com,Portugal,172.74.66.174,3546941339569378,jcb
983,David,Gibson,dgibsonra@biblegateway.com,Indonesia,111.126.169.161,3565143686024521,jcb
984,Billy,Black,bblackrb@harvard.edu,France,24.46.220.76,3531291009729317,jcb
985,Rebecca,Lee,rleerc@quantcast.com,United States,243.65.243.20,6379453916749774,instapayment
986,Cynthia,Reed,creedrd@cdbaby.com,Indonesia,94.122.101.201,5100144475749259,mastercard
987,Martha,White,mwhitere@seesaa.net,Portugal,196.100.113.110,3578581396104122,jcb
988,Kelly,Welch,kwelchrf@oakley.com,Poland,156.140.134.139,3532157972813033,jcb
989,Louise,Stewart,lstewartrg@sohu.com,Mexico,68.126.226.153,3544031397720089,jcb
990,Susan,Fisher,sfisherrh@slashdot.org,Brazil,182.37.45.22,3560288801713204,jcb
991,Emily,Hamilton,ehamiltonri@yelp.com,Indonesia,239.252.86.207,3552163200923912,jcb
992,Fred,Peters,fpetersrj@nytimes.com,China,73.253.184.252,5150133550926378,mastercard
993,Rachel,Alvarez,ralvarezrk@miitbeian.gov.cn,Estonia,255.197.148.143,4917258364485969,visa-electron
994,Ryan,Snyder,rsnyderrl@cpanel.net,China,71.225.224.174,3555681893766378,jcb
995,Norma,Hall,nhallrm@uol.com.br,Eritrea,54.87.26.143,3575227595573344,jcb
996,Catherine,Barnes,cbarnesrn@slideshare.net,Russia,27.152.228.12,201954640077967,diners-club-enroute
997,Raymond,Kim,rkimro@prnewswire.com,Brazil,247.157.220.107,3589657580683233,jcb
998,Martin,Matthews,mmatthewsrp@upenn.edu,China,228.76.146.158,3581296732680496,jcb
999,Douglas,Matthews,dmatthewsrq@a8.net,Brazil,156.117.159.10,67624459239957882,maestro
1000,Douglas,Ray,drayrr@blogs.com,Lithuania,51.213.142.225,5641821520180871,switch
